
*** Running vivado
    with args -log blk_mem_gen_1.vds -m64 -product Vivado -mode batch -messageDb vivado.pb -notrace -source blk_mem_gen_1.tcl


****** Vivado v2019.2 (64-bit)
  **** SW Build 2708876 on Wed Nov  6 21:40:23 MST 2019
  **** IP Build 2700528 on Thu Nov  7 00:09:20 MST 2019
    ** Copyright 1986-2019 Xilinx, Inc. All Rights Reserved.

source blk_mem_gen_1.tcl -notrace
Command: synth_design -top blk_mem_gen_1 -part xc7vx485tffg1157-1 -mode out_of_context
Starting synth_design
Attempting to get a license for feature 'Synthesis' and/or device 'xc7vx485t'
INFO: [Common 17-349] Got license for feature 'Synthesis' and/or device 'xc7vx485t'
INFO: [Device 21-403] Loading part xc7vx485tffg1157-1
INFO: Launching helper process for spawning children vivado processes
INFO: Helper process launched with PID 9488 
---------------------------------------------------------------------------------
Starting RTL Elaboration : Time (s): cpu = 00:00:05 ; elapsed = 00:00:05 . Memory (MB): peak = 1132.598 ; gain = 234.348
---------------------------------------------------------------------------------
INFO: [Synth 8-638] synthesizing module 'blk_mem_gen_1' [d:/work-CPU/CPU-PIP/CPU-PIP.srcs/sources_1/ip/blk_mem_gen_1/synth/blk_mem_gen_1.vhd:69]
	Parameter C_FAMILY bound to: virtex7 - type: string 
	Parameter C_XDEVICEFAMILY bound to: virtex7 - type: string 
	Parameter C_ELABORATION_DIR bound to: ./ - type: string 
	Parameter C_INTERFACE_TYPE bound to: 0 - type: integer 
	Parameter C_AXI_TYPE bound to: 1 - type: integer 
	Parameter C_AXI_SLAVE_TYPE bound to: 0 - type: integer 
	Parameter C_USE_BRAM_BLOCK bound to: 0 - type: integer 
	Parameter C_ENABLE_32BIT_ADDRESS bound to: 0 - type: integer 
	Parameter C_CTRL_ECC_ALGO bound to: NONE - type: string 
	Parameter C_HAS_AXI_ID bound to: 0 - type: integer 
	Parameter C_AXI_ID_WIDTH bound to: 4 - type: integer 
	Parameter C_MEM_TYPE bound to: 0 - type: integer 
	Parameter C_BYTE_SIZE bound to: 9 - type: integer 
	Parameter C_ALGORITHM bound to: 1 - type: integer 
	Parameter C_PRIM_TYPE bound to: 1 - type: integer 
	Parameter C_LOAD_INIT_FILE bound to: 0 - type: integer 
	Parameter C_INIT_FILE_NAME bound to: no_coe_file_loaded - type: string 
	Parameter C_INIT_FILE bound to: blk_mem_gen_1.mem - type: string 
	Parameter C_USE_DEFAULT_DATA bound to: 0 - type: integer 
	Parameter C_DEFAULT_DATA bound to: 0 - type: string 
	Parameter C_HAS_RSTA bound to: 0 - type: integer 
	Parameter C_RST_PRIORITY_A bound to: CE - type: string 
	Parameter C_RSTRAM_A bound to: 0 - type: integer 
	Parameter C_INITA_VAL bound to: 0 - type: string 
	Parameter C_HAS_ENA bound to: 0 - type: integer 
	Parameter C_HAS_REGCEA bound to: 0 - type: integer 
	Parameter C_USE_BYTE_WEA bound to: 0 - type: integer 
	Parameter C_WEA_WIDTH bound to: 1 - type: integer 
	Parameter C_WRITE_MODE_A bound to: NO_CHANGE - type: string 
	Parameter C_WRITE_WIDTH_A bound to: 32 - type: integer 
	Parameter C_READ_WIDTH_A bound to: 32 - type: integer 
	Parameter C_WRITE_DEPTH_A bound to: 1048576 - type: integer 
	Parameter C_READ_DEPTH_A bound to: 1048576 - type: integer 
	Parameter C_ADDRA_WIDTH bound to: 20 - type: integer 
	Parameter C_HAS_RSTB bound to: 0 - type: integer 
	Parameter C_RST_PRIORITY_B bound to: CE - type: string 
	Parameter C_RSTRAM_B bound to: 0 - type: integer 
	Parameter C_INITB_VAL bound to: 0 - type: string 
	Parameter C_HAS_ENB bound to: 0 - type: integer 
	Parameter C_HAS_REGCEB bound to: 0 - type: integer 
	Parameter C_USE_BYTE_WEB bound to: 0 - type: integer 
	Parameter C_WEB_WIDTH bound to: 1 - type: integer 
	Parameter C_WRITE_MODE_B bound to: WRITE_FIRST - type: string 
	Parameter C_WRITE_WIDTH_B bound to: 32 - type: integer 
	Parameter C_READ_WIDTH_B bound to: 32 - type: integer 
	Parameter C_WRITE_DEPTH_B bound to: 1048576 - type: integer 
	Parameter C_READ_DEPTH_B bound to: 1048576 - type: integer 
	Parameter C_ADDRB_WIDTH bound to: 20 - type: integer 
	Parameter C_HAS_MEM_OUTPUT_REGS_A bound to: 1 - type: integer 
	Parameter C_HAS_MEM_OUTPUT_REGS_B bound to: 0 - type: integer 
	Parameter C_HAS_MUX_OUTPUT_REGS_A bound to: 0 - type: integer 
	Parameter C_HAS_MUX_OUTPUT_REGS_B bound to: 0 - type: integer 
	Parameter C_MUX_PIPELINE_STAGES bound to: 0 - type: integer 
	Parameter C_HAS_SOFTECC_INPUT_REGS_A bound to: 0 - type: integer 
	Parameter C_HAS_SOFTECC_OUTPUT_REGS_B bound to: 0 - type: integer 
	Parameter C_USE_SOFTECC bound to: 0 - type: integer 
	Parameter C_USE_ECC bound to: 0 - type: integer 
	Parameter C_EN_ECC_PIPE bound to: 0 - type: integer 
	Parameter C_READ_LATENCY_A bound to: 1 - type: integer 
	Parameter C_READ_LATENCY_B bound to: 1 - type: integer 
	Parameter C_HAS_INJECTERR bound to: 0 - type: integer 
	Parameter C_SIM_COLLISION_CHECK bound to: ALL - type: string 
	Parameter C_COMMON_CLK bound to: 0 - type: integer 
	Parameter C_DISABLE_WARN_BHV_COLL bound to: 0 - type: integer 
	Parameter C_EN_SLEEP_PIN bound to: 0 - type: integer 
	Parameter C_USE_URAM bound to: 0 - type: integer 
	Parameter C_EN_RDADDRA_CHG bound to: 0 - type: integer 
	Parameter C_EN_RDADDRB_CHG bound to: 0 - type: integer 
	Parameter C_EN_DEEPSLEEP_PIN bound to: 0 - type: integer 
	Parameter C_EN_SHUTDOWN_PIN bound to: 0 - type: integer 
	Parameter C_EN_SAFETY_CKT bound to: 0 - type: integer 
	Parameter C_DISABLE_WARN_BHV_RANGE bound to: 0 - type: integer 
	Parameter C_COUNT_36K_BRAM bound to: 928 - type: string 
	Parameter C_COUNT_18K_BRAM bound to: 0 - type: string 
	Parameter C_EST_POWER_SUMMARY bound to: Estimated Power for IP     :     16.77801 mW - type: string 
INFO: [Synth 8-3491] module 'blk_mem_gen_v8_4_4' declared at 'd:/work-CPU/CPU-PIP/CPU-PIP.srcs/sources_1/ip/blk_mem_gen_1/hdl/blk_mem_gen_v8_4_vhsyn_rfs.vhd:195321' bound to instance 'U0' of component 'blk_mem_gen_v8_4_4' [d:/work-CPU/CPU-PIP/CPU-PIP.srcs/sources_1/ip/blk_mem_gen_1/synth/blk_mem_gen_1.vhd:234]
INFO: [Synth 8-256] done synthesizing module 'blk_mem_gen_1' (11#1) [d:/work-CPU/CPU-PIP/CPU-PIP.srcs/sources_1/ip/blk_mem_gen_1/synth/blk_mem_gen_1.vhd:69]
WARNING: [Synth 8-3331] design blk_mem_output_block has unconnected port CLKB
WARNING: [Synth 8-3331] design blk_mem_output_block has unconnected port DOUTB_I[31]
WARNING: [Synth 8-3331] design blk_mem_output_block has unconnected port DOUTB_I[30]
WARNING: [Synth 8-3331] design blk_mem_output_block has unconnected port DOUTB_I[29]
WARNING: [Synth 8-3331] design blk_mem_output_block has unconnected port DOUTB_I[28]
WARNING: [Synth 8-3331] design blk_mem_output_block has unconnected port DOUTB_I[27]
WARNING: [Synth 8-3331] design blk_mem_output_block has unconnected port DOUTB_I[26]
WARNING: [Synth 8-3331] design blk_mem_output_block has unconnected port DOUTB_I[25]
WARNING: [Synth 8-3331] design blk_mem_output_block has unconnected port DOUTB_I[24]
WARNING: [Synth 8-3331] design blk_mem_output_block has unconnected port DOUTB_I[23]
WARNING: [Synth 8-3331] design blk_mem_output_block has unconnected port DOUTB_I[22]
WARNING: [Synth 8-3331] design blk_mem_output_block has unconnected port DOUTB_I[21]
WARNING: [Synth 8-3331] design blk_mem_output_block has unconnected port DOUTB_I[20]
WARNING: [Synth 8-3331] design blk_mem_output_block has unconnected port DOUTB_I[19]
WARNING: [Synth 8-3331] design blk_mem_output_block has unconnected port DOUTB_I[18]
WARNING: [Synth 8-3331] design blk_mem_output_block has unconnected port DOUTB_I[17]
WARNING: [Synth 8-3331] design blk_mem_output_block has unconnected port DOUTB_I[16]
WARNING: [Synth 8-3331] design blk_mem_output_block has unconnected port DOUTB_I[15]
WARNING: [Synth 8-3331] design blk_mem_output_block has unconnected port DOUTB_I[14]
WARNING: [Synth 8-3331] design blk_mem_output_block has unconnected port DOUTB_I[13]
WARNING: [Synth 8-3331] design blk_mem_output_block has unconnected port DOUTB_I[12]
WARNING: [Synth 8-3331] design blk_mem_output_block has unconnected port DOUTB_I[11]
WARNING: [Synth 8-3331] design blk_mem_output_block has unconnected port DOUTB_I[10]
WARNING: [Synth 8-3331] design blk_mem_output_block has unconnected port DOUTB_I[9]
WARNING: [Synth 8-3331] design blk_mem_output_block has unconnected port DOUTB_I[8]
WARNING: [Synth 8-3331] design blk_mem_output_block has unconnected port DOUTB_I[7]
WARNING: [Synth 8-3331] design blk_mem_output_block has unconnected port DOUTB_I[6]
WARNING: [Synth 8-3331] design blk_mem_output_block has unconnected port DOUTB_I[5]
WARNING: [Synth 8-3331] design blk_mem_output_block has unconnected port DOUTB_I[4]
WARNING: [Synth 8-3331] design blk_mem_output_block has unconnected port DOUTB_I[3]
WARNING: [Synth 8-3331] design blk_mem_output_block has unconnected port DOUTB_I[2]
WARNING: [Synth 8-3331] design blk_mem_output_block has unconnected port DOUTB_I[1]
WARNING: [Synth 8-3331] design blk_mem_output_block has unconnected port DOUTB_I[0]
WARNING: [Synth 8-3331] design blk_mem_output_block has unconnected port SBITERR_I
WARNING: [Synth 8-3331] design blk_mem_output_block has unconnected port DBITERR_I
WARNING: [Synth 8-3331] design blk_mem_output_block has unconnected port RDADDRECC_I[19]
WARNING: [Synth 8-3331] design blk_mem_output_block has unconnected port RDADDRECC_I[18]
WARNING: [Synth 8-3331] design blk_mem_output_block has unconnected port RDADDRECC_I[17]
WARNING: [Synth 8-3331] design blk_mem_output_block has unconnected port RDADDRECC_I[16]
WARNING: [Synth 8-3331] design blk_mem_output_block has unconnected port RDADDRECC_I[15]
WARNING: [Synth 8-3331] design blk_mem_output_block has unconnected port RDADDRECC_I[14]
WARNING: [Synth 8-3331] design blk_mem_output_block has unconnected port RDADDRECC_I[13]
WARNING: [Synth 8-3331] design blk_mem_output_block has unconnected port RDADDRECC_I[12]
WARNING: [Synth 8-3331] design blk_mem_output_block has unconnected port RDADDRECC_I[11]
WARNING: [Synth 8-3331] design blk_mem_output_block has unconnected port RDADDRECC_I[10]
WARNING: [Synth 8-3331] design blk_mem_output_block has unconnected port RDADDRECC_I[9]
WARNING: [Synth 8-3331] design blk_mem_output_block has unconnected port RDADDRECC_I[8]
WARNING: [Synth 8-3331] design blk_mem_output_block has unconnected port RDADDRECC_I[7]
WARNING: [Synth 8-3331] design blk_mem_output_block has unconnected port RDADDRECC_I[6]
WARNING: [Synth 8-3331] design blk_mem_output_block has unconnected port RDADDRECC_I[5]
WARNING: [Synth 8-3331] design blk_mem_output_block has unconnected port RDADDRECC_I[4]
WARNING: [Synth 8-3331] design blk_mem_output_block has unconnected port RDADDRECC_I[3]
WARNING: [Synth 8-3331] design blk_mem_output_block has unconnected port RDADDRECC_I[2]
WARNING: [Synth 8-3331] design blk_mem_output_block has unconnected port RDADDRECC_I[1]
WARNING: [Synth 8-3331] design blk_mem_output_block has unconnected port RDADDRECC_I[0]
WARNING: [Synth 8-3331] design blk_mem_gen_prim_wrapper__parameterized846 has unconnected port DOUTB[0]
WARNING: [Synth 8-3331] design blk_mem_gen_prim_wrapper__parameterized846 has unconnected port SBITERR
WARNING: [Synth 8-3331] design blk_mem_gen_prim_wrapper__parameterized846 has unconnected port DBITERR
WARNING: [Synth 8-3331] design blk_mem_gen_prim_wrapper__parameterized846 has unconnected port SSRA
WARNING: [Synth 8-3331] design blk_mem_gen_prim_wrapper__parameterized846 has unconnected port CLKB
WARNING: [Synth 8-3331] design blk_mem_gen_prim_wrapper__parameterized846 has unconnected port SSRB
WARNING: [Synth 8-3331] design blk_mem_gen_prim_wrapper__parameterized846 has unconnected port ENB
WARNING: [Synth 8-3331] design blk_mem_gen_prim_wrapper__parameterized846 has unconnected port REGCEB
WARNING: [Synth 8-3331] design blk_mem_gen_prim_wrapper__parameterized846 has unconnected port WEB[0]
WARNING: [Synth 8-3331] design blk_mem_gen_prim_wrapper__parameterized846 has unconnected port ADDRB[15]
WARNING: [Synth 8-3331] design blk_mem_gen_prim_wrapper__parameterized846 has unconnected port ADDRB[14]
WARNING: [Synth 8-3331] design blk_mem_gen_prim_wrapper__parameterized846 has unconnected port ADDRB[13]
WARNING: [Synth 8-3331] design blk_mem_gen_prim_wrapper__parameterized846 has unconnected port ADDRB[12]
WARNING: [Synth 8-3331] design blk_mem_gen_prim_wrapper__parameterized846 has unconnected port ADDRB[11]
WARNING: [Synth 8-3331] design blk_mem_gen_prim_wrapper__parameterized846 has unconnected port ADDRB[10]
WARNING: [Synth 8-3331] design blk_mem_gen_prim_wrapper__parameterized846 has unconnected port ADDRB[9]
WARNING: [Synth 8-3331] design blk_mem_gen_prim_wrapper__parameterized846 has unconnected port ADDRB[8]
WARNING: [Synth 8-3331] design blk_mem_gen_prim_wrapper__parameterized846 has unconnected port ADDRB[7]
WARNING: [Synth 8-3331] design blk_mem_gen_prim_wrapper__parameterized846 has unconnected port ADDRB[6]
WARNING: [Synth 8-3331] design blk_mem_gen_prim_wrapper__parameterized846 has unconnected port ADDRB[5]
WARNING: [Synth 8-3331] design blk_mem_gen_prim_wrapper__parameterized846 has unconnected port ADDRB[4]
WARNING: [Synth 8-3331] design blk_mem_gen_prim_wrapper__parameterized846 has unconnected port ADDRB[3]
WARNING: [Synth 8-3331] design blk_mem_gen_prim_wrapper__parameterized846 has unconnected port ADDRB[2]
WARNING: [Synth 8-3331] design blk_mem_gen_prim_wrapper__parameterized846 has unconnected port ADDRB[1]
WARNING: [Synth 8-3331] design blk_mem_gen_prim_wrapper__parameterized846 has unconnected port ADDRB[0]
WARNING: [Synth 8-3331] design blk_mem_gen_prim_wrapper__parameterized846 has unconnected port DINB[0]
WARNING: [Synth 8-3331] design blk_mem_gen_prim_wrapper__parameterized846 has unconnected port SLEEP
WARNING: [Synth 8-3331] design blk_mem_gen_prim_wrapper__parameterized846 has unconnected port INJECTSBITERR
WARNING: [Synth 8-3331] design blk_mem_gen_prim_wrapper__parameterized846 has unconnected port INJECTDBITERR
WARNING: [Synth 8-3331] design blk_mem_gen_prim_wrapper__parameterized846 has unconnected port ECCPIPECE
WARNING: [Synth 8-3331] design blk_mem_gen_prim_wrapper__parameterized846 has unconnected port ram_rstram_b
WARNING: [Synth 8-3331] design blk_mem_gen_prim_wrapper__parameterized846 has unconnected port ram_rstreg_b
WARNING: [Synth 8-3331] design blk_mem_gen_prim_wrapper__parameterized845 has unconnected port DOUTB[0]
WARNING: [Synth 8-3331] design blk_mem_gen_prim_wrapper__parameterized845 has unconnected port SBITERR
WARNING: [Synth 8-3331] design blk_mem_gen_prim_wrapper__parameterized845 has unconnected port DBITERR
WARNING: [Synth 8-3331] design blk_mem_gen_prim_wrapper__parameterized845 has unconnected port SSRA
WARNING: [Synth 8-3331] design blk_mem_gen_prim_wrapper__parameterized845 has unconnected port CLKB
WARNING: [Synth 8-3331] design blk_mem_gen_prim_wrapper__parameterized845 has unconnected port SSRB
WARNING: [Synth 8-3331] design blk_mem_gen_prim_wrapper__parameterized845 has unconnected port ENB
WARNING: [Synth 8-3331] design blk_mem_gen_prim_wrapper__parameterized845 has unconnected port REGCEB
WARNING: [Synth 8-3331] design blk_mem_gen_prim_wrapper__parameterized845 has unconnected port WEB[0]
WARNING: [Synth 8-3331] design blk_mem_gen_prim_wrapper__parameterized845 has unconnected port ADDRB[15]
WARNING: [Synth 8-3331] design blk_mem_gen_prim_wrapper__parameterized845 has unconnected port ADDRB[14]
WARNING: [Synth 8-3331] design blk_mem_gen_prim_wrapper__parameterized845 has unconnected port ADDRB[13]
WARNING: [Synth 8-3331] design blk_mem_gen_prim_wrapper__parameterized845 has unconnected port ADDRB[12]
INFO: [Common 17-14] Message 'Synth 8-3331' appears 100 times and further instances of the messages will be disabled. Use the Tcl command set_msg_config to change the current settings.
---------------------------------------------------------------------------------
Finished RTL Elaboration : Time (s): cpu = 00:01:45 ; elapsed = 00:01:46 . Memory (MB): peak = 2427.887 ; gain = 1529.637
---------------------------------------------------------------------------------

Report Check Netlist: 
+------+------------------+-------+---------+-------+------------------+
|      |Item              |Errors |Warnings |Status |Description       |
+------+------------------+-------+---------+-------+------------------+
|1     |multi_driven_nets |      0|        0|Passed |Multi driven nets |
+------+------------------+-------+---------+-------+------------------+
---------------------------------------------------------------------------------
Start Handling Custom Attributes
---------------------------------------------------------------------------------
---------------------------------------------------------------------------------
Finished Handling Custom Attributes : Time (s): cpu = 00:01:48 ; elapsed = 00:01:49 . Memory (MB): peak = 2446.449 ; gain = 1548.199
---------------------------------------------------------------------------------
---------------------------------------------------------------------------------
Finished RTL Optimization Phase 1 : Time (s): cpu = 00:01:48 ; elapsed = 00:01:49 . Memory (MB): peak = 2446.449 ; gain = 1548.199
---------------------------------------------------------------------------------
Netlist sorting complete. Time (s): cpu = 00:00:01 ; elapsed = 00:00:00.769 . Memory (MB): peak = 2446.449 ; gain = 0.000
INFO: [Netlist 29-17] Analyzing 928 Unisim elements for replacement
INFO: [Netlist 29-28] Unisim Transformation completed in 0 CPU seconds
INFO: [Project 1-570] Preparing netlist for logic optimization

Processing XDC Constraints
Initializing timing engine
Parsing XDC File [d:/work-CPU/CPU-PIP/CPU-PIP.srcs/sources_1/ip/blk_mem_gen_1/blk_mem_gen_1_ooc.xdc] for cell 'U0'
Finished Parsing XDC File [d:/work-CPU/CPU-PIP/CPU-PIP.srcs/sources_1/ip/blk_mem_gen_1/blk_mem_gen_1_ooc.xdc] for cell 'U0'
Parsing XDC File [D:/work-CPU/CPU-PIP/CPU-PIP.runs/blk_mem_gen_1_synth_1/dont_touch.xdc]
Finished Parsing XDC File [D:/work-CPU/CPU-PIP/CPU-PIP.runs/blk_mem_gen_1_synth_1/dont_touch.xdc]
Completed Processing XDC Constraints

Netlist sorting complete. Time (s): cpu = 00:00:00 ; elapsed = 00:00:00.012 . Memory (MB): peak = 2550.633 ; gain = 0.000
INFO: [Project 1-111] Unisim Transformation Summary:
No Unisim elements were transformed.

Constraint Validation Runtime : Time (s): cpu = 00:00:01 ; elapsed = 00:00:01 . Memory (MB): peak = 2552.957 ; gain = 2.324
---------------------------------------------------------------------------------
Finished Constraint Validation : Time (s): cpu = 00:02:08 ; elapsed = 00:02:10 . Memory (MB): peak = 2552.957 ; gain = 1654.707
---------------------------------------------------------------------------------
---------------------------------------------------------------------------------
Start Loading Part and Timing Information
---------------------------------------------------------------------------------
Loading part: xc7vx485tffg1157-1
---------------------------------------------------------------------------------
Finished Loading Part and Timing Information : Time (s): cpu = 00:02:08 ; elapsed = 00:02:10 . Memory (MB): peak = 2552.957 ; gain = 1654.707
---------------------------------------------------------------------------------
---------------------------------------------------------------------------------
Start Applying 'set_property' XDC Constraints
---------------------------------------------------------------------------------
Applied set_property DONT_TOUCH = true for U0. (constraint file  D:/work-CPU/CPU-PIP/CPU-PIP.runs/blk_mem_gen_1_synth_1/dont_touch.xdc, line 9).
---------------------------------------------------------------------------------
Finished applying 'set_property' XDC Constraints : Time (s): cpu = 00:02:08 ; elapsed = 00:02:10 . Memory (MB): peak = 2552.957 ; gain = 1654.707
---------------------------------------------------------------------------------
---------------------------------------------------------------------------------
Finished RTL Optimization Phase 2 : Time (s): cpu = 00:02:19 ; elapsed = 00:02:22 . Memory (MB): peak = 2552.957 ; gain = 1654.707
---------------------------------------------------------------------------------

Report RTL Partitions: 
+-+--------------+------------+----------+
| |RTL Partition |Replication |Instances |
+-+--------------+------------+----------+
+-+--------------+------------+----------+
---------------------------------------------------------------------------------
Start RTL Component Statistics 
---------------------------------------------------------------------------------
Detailed RTL Component Info : 
+---Registers : 
	               20 Bit    Registers := 1     
	                8 Bit    Registers := 3     
+---Muxes : 
	   2 Input      1 Bit        Muxes := 271   
---------------------------------------------------------------------------------
Finished RTL Component Statistics 
---------------------------------------------------------------------------------
---------------------------------------------------------------------------------
Start RTL Hierarchical Component Statistics 
---------------------------------------------------------------------------------
Hierarchical RTL Component report 
Module bindec 
Detailed RTL Component Info : 
+---Muxes : 
	   2 Input      1 Bit        Muxes := 135   
Module blk_mem_gen_mux 
Detailed RTL Component Info : 
+---Registers : 
	               20 Bit    Registers := 1     
	                8 Bit    Registers := 2     
+---Muxes : 
	   2 Input      1 Bit        Muxes := 1     
Module blk_mem_gen_mux__parameterized0 
Detailed RTL Component Info : 
+---Registers : 
	                8 Bit    Registers := 1     
---------------------------------------------------------------------------------
Finished RTL Hierarchical Component Statistics
---------------------------------------------------------------------------------
---------------------------------------------------------------------------------
Start Part Resource Summary
---------------------------------------------------------------------------------
Part Resources:
DSPs: 2800 (col length:140)
BRAMs: 2060 (col length: RAMB18 140 RAMB36 70)
---------------------------------------------------------------------------------
Finished Part Resource Summary
---------------------------------------------------------------------------------
---------------------------------------------------------------------------------
Start Cross Boundary and Area Optimization
---------------------------------------------------------------------------------
Warning: Parallel synthesis criteria is not met 
---------------------------------------------------------------------------------
Finished Cross Boundary and Area Optimization : Time (s): cpu = 00:02:32 ; elapsed = 00:02:36 . Memory (MB): peak = 2552.957 ; gain = 1654.707
---------------------------------------------------------------------------------

Report RTL Partitions: 
+-+--------------+------------+----------+
| |RTL Partition |Replication |Instances |
+-+--------------+------------+----------+
+-+--------------+------------+----------+
---------------------------------------------------------------------------------
Start Applying XDC Timing Constraints
---------------------------------------------------------------------------------
---------------------------------------------------------------------------------
Finished Applying XDC Timing Constraints : Time (s): cpu = 00:02:38 ; elapsed = 00:02:42 . Memory (MB): peak = 2552.957 ; gain = 1654.707
---------------------------------------------------------------------------------
---------------------------------------------------------------------------------
Start Timing Optimization
---------------------------------------------------------------------------------
---------------------------------------------------------------------------------
Finished Timing Optimization : Time (s): cpu = 00:02:40 ; elapsed = 00:02:44 . Memory (MB): peak = 2552.957 ; gain = 1654.707
---------------------------------------------------------------------------------

Report RTL Partitions: 
+-+--------------+------------+----------+
| |RTL Partition |Replication |Instances |
+-+--------------+------------+----------+
+-+--------------+------------+----------+
---------------------------------------------------------------------------------
Start Technology Mapping
---------------------------------------------------------------------------------
---------------------------------------------------------------------------------
Finished Technology Mapping : Time (s): cpu = 00:02:42 ; elapsed = 00:02:46 . Memory (MB): peak = 2552.957 ; gain = 1654.707
---------------------------------------------------------------------------------

Report RTL Partitions: 
+-+--------------+------------+----------+
| |RTL Partition |Replication |Instances |
+-+--------------+------------+----------+
+-+--------------+------------+----------+
---------------------------------------------------------------------------------
Start IO Insertion
---------------------------------------------------------------------------------
---------------------------------------------------------------------------------
Start Flattening Before IO Insertion
---------------------------------------------------------------------------------
---------------------------------------------------------------------------------
Finished Flattening Before IO Insertion
---------------------------------------------------------------------------------
---------------------------------------------------------------------------------
Start Final Netlist Cleanup
---------------------------------------------------------------------------------
---------------------------------------------------------------------------------
Finished Final Netlist Cleanup
---------------------------------------------------------------------------------
---------------------------------------------------------------------------------
Finished IO Insertion : Time (s): cpu = 00:02:45 ; elapsed = 00:02:49 . Memory (MB): peak = 2552.957 ; gain = 1654.707
---------------------------------------------------------------------------------
---------------------------------------------------------------------------------
Start Renaming Generated Instances
---------------------------------------------------------------------------------
---------------------------------------------------------------------------------
Finished Renaming Generated Instances : Time (s): cpu = 00:02:45 ; elapsed = 00:02:49 . Memory (MB): peak = 2552.957 ; gain = 1654.707
---------------------------------------------------------------------------------

Report RTL Partitions: 
+-+--------------+------------+----------+
| |RTL Partition |Replication |Instances |
+-+--------------+------------+----------+
+-+--------------+------------+----------+

Report Check Netlist: 
+------+------------------+-------+---------+-------+------------------+
|      |Item              |Errors |Warnings |Status |Description       |
+------+------------------+-------+---------+-------+------------------+
|1     |multi_driven_nets |      0|        0|Passed |Multi driven nets |
+------+------------------+-------+---------+-------+------------------+
---------------------------------------------------------------------------------
Start Rebuilding User Hierarchy
---------------------------------------------------------------------------------
---------------------------------------------------------------------------------
Finished Rebuilding User Hierarchy : Time (s): cpu = 00:02:47 ; elapsed = 00:02:51 . Memory (MB): peak = 2552.957 ; gain = 1654.707
---------------------------------------------------------------------------------
---------------------------------------------------------------------------------
Start Renaming Generated Ports
---------------------------------------------------------------------------------
---------------------------------------------------------------------------------
Finished Renaming Generated Ports : Time (s): cpu = 00:02:47 ; elapsed = 00:02:51 . Memory (MB): peak = 2552.957 ; gain = 1654.707
---------------------------------------------------------------------------------
---------------------------------------------------------------------------------
Start Handling Custom Attributes
---------------------------------------------------------------------------------
---------------------------------------------------------------------------------
Finished Handling Custom Attributes : Time (s): cpu = 00:02:47 ; elapsed = 00:02:51 . Memory (MB): peak = 2552.957 ; gain = 1654.707
---------------------------------------------------------------------------------
---------------------------------------------------------------------------------
Start Renaming Generated Nets
---------------------------------------------------------------------------------
---------------------------------------------------------------------------------
Finished Renaming Generated Nets : Time (s): cpu = 00:02:47 ; elapsed = 00:02:51 . Memory (MB): peak = 2552.957 ; gain = 1654.707
---------------------------------------------------------------------------------
---------------------------------------------------------------------------------
Start Writing Synthesis Report
---------------------------------------------------------------------------------

Report BlackBoxes: 
+-+--------------+----------+
| |BlackBox name |Instances |
+-+--------------+----------+
+-+--------------+----------+

Report Cell Usage: 
+------+-----------+------+
|      |Cell       |Count |
+------+-----------+------+
|1     |LUT1       |     1|
|2     |LUT4       |    16|
|3     |LUT5       |   256|
|4     |LUT6       |  1856|
|5     |MUXF7      |   928|
|6     |MUXF8      |   464|
|7     |RAMB36E1   |   768|
|8     |RAMB36E1_1 |    80|
|9     |RAMB36E1_2 |    80|
|10    |FDRE       |    77|
+------+-----------+------+

Report Instance Areas: 
+------+---------------------------------------------+-------------------------------------------+------+
|      |Instance                                     |Module                                     |Cells |
+------+---------------------------------------------+-------------------------------------------+------+
|1     |top                                          |                                           |  4526|
|2     |  U0                                         |blk_mem_gen_v8_4_4                         |  4526|
|3     |    inst_blk_mem_gen                         |blk_mem_gen_v8_4_4_synth                   |  4526|
|4     |      \gnbram.gnativebmg.native_blk_mem_gen  |blk_mem_gen_top                            |  4526|
|5     |        \valid.cstr                          |blk_mem_gen_generic_cstr                   |  4526|
|6     |          \has_mux_a.A                       |blk_mem_gen_mux                            |  3325|
|7     |          \ramloop[0].ram.r                  |blk_mem_gen_prim_width                     |     1|
|8     |            \prim_noinit.ram                 |blk_mem_gen_prim_wrapper                   |     1|
|9     |          \ramloop[100].ram.r                |blk_mem_gen_prim_width__parameterized99    |     1|
|10    |            \prim_noinit.ram                 |blk_mem_gen_prim_wrapper__parameterized99  |     1|
|11    |          \ramloop[101].ram.r                |blk_mem_gen_prim_width__parameterized100   |     1|
|12    |            \prim_noinit.ram                 |blk_mem_gen_prim_wrapper__parameterized100 |     1|
|13    |          \ramloop[102].ram.r                |blk_mem_gen_prim_width__parameterized101   |     1|
|14    |            \prim_noinit.ram                 |blk_mem_gen_prim_wrapper__parameterized101 |     1|
|15    |          \ramloop[103].ram.r                |blk_mem_gen_prim_width__parameterized102   |     1|
|16    |            \prim_noinit.ram                 |blk_mem_gen_prim_wrapper__parameterized102 |     1|
|17    |          \ramloop[104].ram.r                |blk_mem_gen_prim_width__parameterized103   |     1|
|18    |            \prim_noinit.ram                 |blk_mem_gen_prim_wrapper__parameterized103 |     1|
|19    |          \ramloop[105].ram.r                |blk_mem_gen_prim_width__parameterized104   |     1|
|20    |            \prim_noinit.ram                 |blk_mem_gen_prim_wrapper__parameterized104 |     1|
|21    |          \ramloop[106].ram.r                |blk_mem_gen_prim_width__parameterized105   |     1|
|22    |            \prim_noinit.ram                 |blk_mem_gen_prim_wrapper__parameterized105 |     1|
|23    |          \ramloop[107].ram.r                |blk_mem_gen_prim_width__parameterized106   |     1|
|24    |            \prim_noinit.ram                 |blk_mem_gen_prim_wrapper__parameterized106 |     1|
|25    |          \ramloop[108].ram.r                |blk_mem_gen_prim_width__parameterized107   |     1|
|26    |            \prim_noinit.ram                 |blk_mem_gen_prim_wrapper__parameterized107 |     1|
|27    |          \ramloop[109].ram.r                |blk_mem_gen_prim_width__parameterized108   |     1|
|28    |            \prim_noinit.ram                 |blk_mem_gen_prim_wrapper__parameterized108 |     1|
|29    |          \ramloop[10].ram.r                 |blk_mem_gen_prim_width__parameterized9     |     1|
|30    |            \prim_noinit.ram                 |blk_mem_gen_prim_wrapper__parameterized9   |     1|
|31    |          \ramloop[110].ram.r                |blk_mem_gen_prim_width__parameterized109   |     1|
|32    |            \prim_noinit.ram                 |blk_mem_gen_prim_wrapper__parameterized109 |     1|
|33    |          \ramloop[111].ram.r                |blk_mem_gen_prim_width__parameterized110   |     1|
|34    |            \prim_noinit.ram                 |blk_mem_gen_prim_wrapper__parameterized110 |     1|
|35    |          \ramloop[112].ram.r                |blk_mem_gen_prim_width__parameterized111   |     1|
|36    |            \prim_noinit.ram                 |blk_mem_gen_prim_wrapper__parameterized111 |     1|
|37    |          \ramloop[113].ram.r                |blk_mem_gen_prim_width__parameterized112   |     1|
|38    |            \prim_noinit.ram                 |blk_mem_gen_prim_wrapper__parameterized112 |     1|
|39    |          \ramloop[114].ram.r                |blk_mem_gen_prim_width__parameterized113   |     1|
|40    |            \prim_noinit.ram                 |blk_mem_gen_prim_wrapper__parameterized113 |     1|
|41    |          \ramloop[115].ram.r                |blk_mem_gen_prim_width__parameterized114   |     1|
|42    |            \prim_noinit.ram                 |blk_mem_gen_prim_wrapper__parameterized114 |     1|
|43    |          \ramloop[116].ram.r                |blk_mem_gen_prim_width__parameterized115   |     1|
|44    |            \prim_noinit.ram                 |blk_mem_gen_prim_wrapper__parameterized115 |     1|
|45    |          \ramloop[117].ram.r                |blk_mem_gen_prim_width__parameterized116   |     1|
|46    |            \prim_noinit.ram                 |blk_mem_gen_prim_wrapper__parameterized116 |     1|
|47    |          \ramloop[118].ram.r                |blk_mem_gen_prim_width__parameterized117   |     1|
|48    |            \prim_noinit.ram                 |blk_mem_gen_prim_wrapper__parameterized117 |     1|
|49    |          \ramloop[119].ram.r                |blk_mem_gen_prim_width__parameterized118   |     1|
|50    |            \prim_noinit.ram                 |blk_mem_gen_prim_wrapper__parameterized118 |     1|
|51    |          \ramloop[11].ram.r                 |blk_mem_gen_prim_width__parameterized10    |     1|
|52    |            \prim_noinit.ram                 |blk_mem_gen_prim_wrapper__parameterized10  |     1|
|53    |          \ramloop[120].ram.r                |blk_mem_gen_prim_width__parameterized119   |     1|
|54    |            \prim_noinit.ram                 |blk_mem_gen_prim_wrapper__parameterized119 |     1|
|55    |          \ramloop[121].ram.r                |blk_mem_gen_prim_width__parameterized120   |     1|
|56    |            \prim_noinit.ram                 |blk_mem_gen_prim_wrapper__parameterized120 |     1|
|57    |          \ramloop[122].ram.r                |blk_mem_gen_prim_width__parameterized121   |     1|
|58    |            \prim_noinit.ram                 |blk_mem_gen_prim_wrapper__parameterized121 |     1|
|59    |          \ramloop[123].ram.r                |blk_mem_gen_prim_width__parameterized122   |     1|
|60    |            \prim_noinit.ram                 |blk_mem_gen_prim_wrapper__parameterized122 |     1|
|61    |          \ramloop[124].ram.r                |blk_mem_gen_prim_width__parameterized123   |     1|
|62    |            \prim_noinit.ram                 |blk_mem_gen_prim_wrapper__parameterized123 |     1|
|63    |          \ramloop[125].ram.r                |blk_mem_gen_prim_width__parameterized124   |     1|
|64    |            \prim_noinit.ram                 |blk_mem_gen_prim_wrapper__parameterized124 |     1|
|65    |          \ramloop[126].ram.r                |blk_mem_gen_prim_width__parameterized125   |     1|
|66    |            \prim_noinit.ram                 |blk_mem_gen_prim_wrapper__parameterized125 |     1|
|67    |          \ramloop[127].ram.r                |blk_mem_gen_prim_width__parameterized126   |     1|
|68    |            \prim_noinit.ram                 |blk_mem_gen_prim_wrapper__parameterized126 |     1|
|69    |          \ramloop[128].ram.r                |blk_mem_gen_prim_width__parameterized127   |     1|
|70    |            \prim_noinit.ram                 |blk_mem_gen_prim_wrapper__parameterized127 |     1|
|71    |          \ramloop[129].ram.r                |blk_mem_gen_prim_width__parameterized128   |     1|
|72    |            \prim_noinit.ram                 |blk_mem_gen_prim_wrapper__parameterized128 |     1|
|73    |          \ramloop[12].ram.r                 |blk_mem_gen_prim_width__parameterized11    |     1|
|74    |            \prim_noinit.ram                 |blk_mem_gen_prim_wrapper__parameterized11  |     1|
|75    |          \ramloop[130].ram.r                |blk_mem_gen_prim_width__parameterized129   |     1|
|76    |            \prim_noinit.ram                 |blk_mem_gen_prim_wrapper__parameterized129 |     1|
|77    |          \ramloop[131].ram.r                |blk_mem_gen_prim_width__parameterized130   |     1|
|78    |            \prim_noinit.ram                 |blk_mem_gen_prim_wrapper__parameterized130 |     1|
|79    |          \ramloop[132].ram.r                |blk_mem_gen_prim_width__parameterized131   |     1|
|80    |            \prim_noinit.ram                 |blk_mem_gen_prim_wrapper__parameterized131 |     1|
|81    |          \ramloop[133].ram.r                |blk_mem_gen_prim_width__parameterized132   |     1|
|82    |            \prim_noinit.ram                 |blk_mem_gen_prim_wrapper__parameterized132 |     1|
|83    |          \ramloop[134].ram.r                |blk_mem_gen_prim_width__parameterized133   |     1|
|84    |            \prim_noinit.ram                 |blk_mem_gen_prim_wrapper__parameterized133 |     1|
|85    |          \ramloop[135].ram.r                |blk_mem_gen_prim_width__parameterized134   |     1|
|86    |            \prim_noinit.ram                 |blk_mem_gen_prim_wrapper__parameterized134 |     1|
|87    |          \ramloop[136].ram.r                |blk_mem_gen_prim_width__parameterized135   |     1|
|88    |            \prim_noinit.ram                 |blk_mem_gen_prim_wrapper__parameterized135 |     1|
|89    |          \ramloop[137].ram.r                |blk_mem_gen_prim_width__parameterized136   |     1|
|90    |            \prim_noinit.ram                 |blk_mem_gen_prim_wrapper__parameterized136 |     1|
|91    |          \ramloop[138].ram.r                |blk_mem_gen_prim_width__parameterized137   |     1|
|92    |            \prim_noinit.ram                 |blk_mem_gen_prim_wrapper__parameterized137 |     1|
|93    |          \ramloop[139].ram.r                |blk_mem_gen_prim_width__parameterized138   |     1|
|94    |            \prim_noinit.ram                 |blk_mem_gen_prim_wrapper__parameterized138 |     1|
|95    |          \ramloop[13].ram.r                 |blk_mem_gen_prim_width__parameterized12    |     1|
|96    |            \prim_noinit.ram                 |blk_mem_gen_prim_wrapper__parameterized12  |     1|
|97    |          \ramloop[140].ram.r                |blk_mem_gen_prim_width__parameterized139   |     1|
|98    |            \prim_noinit.ram                 |blk_mem_gen_prim_wrapper__parameterized139 |     1|
|99    |          \ramloop[141].ram.r                |blk_mem_gen_prim_width__parameterized140   |     1|
|100   |            \prim_noinit.ram                 |blk_mem_gen_prim_wrapper__parameterized140 |     1|
|101   |          \ramloop[142].ram.r                |blk_mem_gen_prim_width__parameterized141   |     1|
|102   |            \prim_noinit.ram                 |blk_mem_gen_prim_wrapper__parameterized141 |     1|
|103   |          \ramloop[143].ram.r                |blk_mem_gen_prim_width__parameterized142   |     1|
|104   |            \prim_noinit.ram                 |blk_mem_gen_prim_wrapper__parameterized142 |     1|
|105   |          \ramloop[144].ram.r                |blk_mem_gen_prim_width__parameterized143   |     1|
|106   |            \prim_noinit.ram                 |blk_mem_gen_prim_wrapper__parameterized143 |     1|
|107   |          \ramloop[145].ram.r                |blk_mem_gen_prim_width__parameterized144   |     1|
|108   |            \prim_noinit.ram                 |blk_mem_gen_prim_wrapper__parameterized144 |     1|
|109   |          \ramloop[146].ram.r                |blk_mem_gen_prim_width__parameterized145   |     1|
|110   |            \prim_noinit.ram                 |blk_mem_gen_prim_wrapper__parameterized145 |     1|
|111   |          \ramloop[147].ram.r                |blk_mem_gen_prim_width__parameterized146   |     1|
|112   |            \prim_noinit.ram                 |blk_mem_gen_prim_wrapper__parameterized146 |     1|
|113   |          \ramloop[148].ram.r                |blk_mem_gen_prim_width__parameterized147   |     1|
|114   |            \prim_noinit.ram                 |blk_mem_gen_prim_wrapper__parameterized147 |     1|
|115   |          \ramloop[149].ram.r                |blk_mem_gen_prim_width__parameterized148   |     1|
|116   |            \prim_noinit.ram                 |blk_mem_gen_prim_wrapper__parameterized148 |     1|
|117   |          \ramloop[14].ram.r                 |blk_mem_gen_prim_width__parameterized13    |     1|
|118   |            \prim_noinit.ram                 |blk_mem_gen_prim_wrapper__parameterized13  |     1|
|119   |          \ramloop[150].ram.r                |blk_mem_gen_prim_width__parameterized149   |     1|
|120   |            \prim_noinit.ram                 |blk_mem_gen_prim_wrapper__parameterized149 |     1|
|121   |          \ramloop[151].ram.r                |blk_mem_gen_prim_width__parameterized150   |     1|
|122   |            \prim_noinit.ram                 |blk_mem_gen_prim_wrapper__parameterized150 |     1|
|123   |          \ramloop[152].ram.r                |blk_mem_gen_prim_width__parameterized151   |     1|
|124   |            \prim_noinit.ram                 |blk_mem_gen_prim_wrapper__parameterized151 |     1|
|125   |          \ramloop[153].ram.r                |blk_mem_gen_prim_width__parameterized152   |     1|
|126   |            \prim_noinit.ram                 |blk_mem_gen_prim_wrapper__parameterized152 |     1|
|127   |          \ramloop[154].ram.r                |blk_mem_gen_prim_width__parameterized153   |     1|
|128   |            \prim_noinit.ram                 |blk_mem_gen_prim_wrapper__parameterized153 |     1|
|129   |          \ramloop[155].ram.r                |blk_mem_gen_prim_width__parameterized154   |     1|
|130   |            \prim_noinit.ram                 |blk_mem_gen_prim_wrapper__parameterized154 |     1|
|131   |          \ramloop[156].ram.r                |blk_mem_gen_prim_width__parameterized155   |     1|
|132   |            \prim_noinit.ram                 |blk_mem_gen_prim_wrapper__parameterized155 |     1|
|133   |          \ramloop[157].ram.r                |blk_mem_gen_prim_width__parameterized156   |     1|
|134   |            \prim_noinit.ram                 |blk_mem_gen_prim_wrapper__parameterized156 |     1|
|135   |          \ramloop[158].ram.r                |blk_mem_gen_prim_width__parameterized157   |     1|
|136   |            \prim_noinit.ram                 |blk_mem_gen_prim_wrapper__parameterized157 |     1|
|137   |          \ramloop[159].ram.r                |blk_mem_gen_prim_width__parameterized158   |     1|
|138   |            \prim_noinit.ram                 |blk_mem_gen_prim_wrapper__parameterized158 |     1|
|139   |          \ramloop[15].ram.r                 |blk_mem_gen_prim_width__parameterized14    |     1|
|140   |            \prim_noinit.ram                 |blk_mem_gen_prim_wrapper__parameterized14  |     1|
|141   |          \ramloop[160].ram.r                |blk_mem_gen_prim_width__parameterized159   |     1|
|142   |            \prim_noinit.ram                 |blk_mem_gen_prim_wrapper__parameterized159 |     1|
|143   |          \ramloop[161].ram.r                |blk_mem_gen_prim_width__parameterized160   |     1|
|144   |            \prim_noinit.ram                 |blk_mem_gen_prim_wrapper__parameterized160 |     1|
|145   |          \ramloop[162].ram.r                |blk_mem_gen_prim_width__parameterized161   |     1|
|146   |            \prim_noinit.ram                 |blk_mem_gen_prim_wrapper__parameterized161 |     1|
|147   |          \ramloop[163].ram.r                |blk_mem_gen_prim_width__parameterized162   |     1|
|148   |            \prim_noinit.ram                 |blk_mem_gen_prim_wrapper__parameterized162 |     1|
|149   |          \ramloop[164].ram.r                |blk_mem_gen_prim_width__parameterized163   |     1|
|150   |            \prim_noinit.ram                 |blk_mem_gen_prim_wrapper__parameterized163 |     1|
|151   |          \ramloop[165].ram.r                |blk_mem_gen_prim_width__parameterized164   |     1|
|152   |            \prim_noinit.ram                 |blk_mem_gen_prim_wrapper__parameterized164 |     1|
|153   |          \ramloop[166].ram.r                |blk_mem_gen_prim_width__parameterized165   |     1|
|154   |            \prim_noinit.ram                 |blk_mem_gen_prim_wrapper__parameterized165 |     1|
|155   |          \ramloop[167].ram.r                |blk_mem_gen_prim_width__parameterized166   |     1|
|156   |            \prim_noinit.ram                 |blk_mem_gen_prim_wrapper__parameterized166 |     1|
|157   |          \ramloop[168].ram.r                |blk_mem_gen_prim_width__parameterized167   |     1|
|158   |            \prim_noinit.ram                 |blk_mem_gen_prim_wrapper__parameterized167 |     1|
|159   |          \ramloop[169].ram.r                |blk_mem_gen_prim_width__parameterized168   |     1|
|160   |            \prim_noinit.ram                 |blk_mem_gen_prim_wrapper__parameterized168 |     1|
|161   |          \ramloop[16].ram.r                 |blk_mem_gen_prim_width__parameterized15    |     1|
|162   |            \prim_noinit.ram                 |blk_mem_gen_prim_wrapper__parameterized15  |     1|
|163   |          \ramloop[170].ram.r                |blk_mem_gen_prim_width__parameterized169   |     1|
|164   |            \prim_noinit.ram                 |blk_mem_gen_prim_wrapper__parameterized169 |     1|
|165   |          \ramloop[171].ram.r                |blk_mem_gen_prim_width__parameterized170   |     1|
|166   |            \prim_noinit.ram                 |blk_mem_gen_prim_wrapper__parameterized170 |     1|
|167   |          \ramloop[172].ram.r                |blk_mem_gen_prim_width__parameterized171   |     1|
|168   |            \prim_noinit.ram                 |blk_mem_gen_prim_wrapper__parameterized171 |     1|
|169   |          \ramloop[173].ram.r                |blk_mem_gen_prim_width__parameterized172   |     1|
|170   |            \prim_noinit.ram                 |blk_mem_gen_prim_wrapper__parameterized172 |     1|
|171   |          \ramloop[174].ram.r                |blk_mem_gen_prim_width__parameterized173   |     1|
|172   |            \prim_noinit.ram                 |blk_mem_gen_prim_wrapper__parameterized173 |     1|
|173   |          \ramloop[175].ram.r                |blk_mem_gen_prim_width__parameterized174   |     1|
|174   |            \prim_noinit.ram                 |blk_mem_gen_prim_wrapper__parameterized174 |     1|
|175   |          \ramloop[176].ram.r                |blk_mem_gen_prim_width__parameterized175   |     1|
|176   |            \prim_noinit.ram                 |blk_mem_gen_prim_wrapper__parameterized175 |     1|
|177   |          \ramloop[177].ram.r                |blk_mem_gen_prim_width__parameterized176   |     1|
|178   |            \prim_noinit.ram                 |blk_mem_gen_prim_wrapper__parameterized176 |     1|
|179   |          \ramloop[178].ram.r                |blk_mem_gen_prim_width__parameterized177   |     1|
|180   |            \prim_noinit.ram                 |blk_mem_gen_prim_wrapper__parameterized177 |     1|
|181   |          \ramloop[179].ram.r                |blk_mem_gen_prim_width__parameterized178   |     1|
|182   |            \prim_noinit.ram                 |blk_mem_gen_prim_wrapper__parameterized178 |     1|
|183   |          \ramloop[17].ram.r                 |blk_mem_gen_prim_width__parameterized16    |     1|
|184   |            \prim_noinit.ram                 |blk_mem_gen_prim_wrapper__parameterized16  |     1|
|185   |          \ramloop[180].ram.r                |blk_mem_gen_prim_width__parameterized179   |     1|
|186   |            \prim_noinit.ram                 |blk_mem_gen_prim_wrapper__parameterized179 |     1|
|187   |          \ramloop[181].ram.r                |blk_mem_gen_prim_width__parameterized180   |     1|
|188   |            \prim_noinit.ram                 |blk_mem_gen_prim_wrapper__parameterized180 |     1|
|189   |          \ramloop[182].ram.r                |blk_mem_gen_prim_width__parameterized181   |     1|
|190   |            \prim_noinit.ram                 |blk_mem_gen_prim_wrapper__parameterized181 |     1|
|191   |          \ramloop[183].ram.r                |blk_mem_gen_prim_width__parameterized182   |     1|
|192   |            \prim_noinit.ram                 |blk_mem_gen_prim_wrapper__parameterized182 |     1|
|193   |          \ramloop[184].ram.r                |blk_mem_gen_prim_width__parameterized183   |     1|
|194   |            \prim_noinit.ram                 |blk_mem_gen_prim_wrapper__parameterized183 |     1|
|195   |          \ramloop[185].ram.r                |blk_mem_gen_prim_width__parameterized184   |     1|
|196   |            \prim_noinit.ram                 |blk_mem_gen_prim_wrapper__parameterized184 |     1|
|197   |          \ramloop[186].ram.r                |blk_mem_gen_prim_width__parameterized185   |     1|
|198   |            \prim_noinit.ram                 |blk_mem_gen_prim_wrapper__parameterized185 |     1|
|199   |          \ramloop[187].ram.r                |blk_mem_gen_prim_width__parameterized186   |     1|
|200   |            \prim_noinit.ram                 |blk_mem_gen_prim_wrapper__parameterized186 |     1|
|201   |          \ramloop[188].ram.r                |blk_mem_gen_prim_width__parameterized187   |     1|
|202   |            \prim_noinit.ram                 |blk_mem_gen_prim_wrapper__parameterized187 |     1|
|203   |          \ramloop[189].ram.r                |blk_mem_gen_prim_width__parameterized188   |     1|
|204   |            \prim_noinit.ram                 |blk_mem_gen_prim_wrapper__parameterized188 |     1|
|205   |          \ramloop[18].ram.r                 |blk_mem_gen_prim_width__parameterized17    |     1|
|206   |            \prim_noinit.ram                 |blk_mem_gen_prim_wrapper__parameterized17  |     1|
|207   |          \ramloop[190].ram.r                |blk_mem_gen_prim_width__parameterized189   |     1|
|208   |            \prim_noinit.ram                 |blk_mem_gen_prim_wrapper__parameterized189 |     1|
|209   |          \ramloop[191].ram.r                |blk_mem_gen_prim_width__parameterized190   |     1|
|210   |            \prim_noinit.ram                 |blk_mem_gen_prim_wrapper__parameterized190 |     1|
|211   |          \ramloop[192].ram.r                |blk_mem_gen_prim_width__parameterized191   |     1|
|212   |            \prim_noinit.ram                 |blk_mem_gen_prim_wrapper__parameterized191 |     1|
|213   |          \ramloop[193].ram.r                |blk_mem_gen_prim_width__parameterized192   |     1|
|214   |            \prim_noinit.ram                 |blk_mem_gen_prim_wrapper__parameterized192 |     1|
|215   |          \ramloop[194].ram.r                |blk_mem_gen_prim_width__parameterized193   |     1|
|216   |            \prim_noinit.ram                 |blk_mem_gen_prim_wrapper__parameterized193 |     1|
|217   |          \ramloop[195].ram.r                |blk_mem_gen_prim_width__parameterized194   |     1|
|218   |            \prim_noinit.ram                 |blk_mem_gen_prim_wrapper__parameterized194 |     1|
|219   |          \ramloop[196].ram.r                |blk_mem_gen_prim_width__parameterized195   |     1|
|220   |            \prim_noinit.ram                 |blk_mem_gen_prim_wrapper__parameterized195 |     1|
|221   |          \ramloop[197].ram.r                |blk_mem_gen_prim_width__parameterized196   |     1|
|222   |            \prim_noinit.ram                 |blk_mem_gen_prim_wrapper__parameterized196 |     1|
|223   |          \ramloop[198].ram.r                |blk_mem_gen_prim_width__parameterized197   |     1|
|224   |            \prim_noinit.ram                 |blk_mem_gen_prim_wrapper__parameterized197 |     1|
|225   |          \ramloop[199].ram.r                |blk_mem_gen_prim_width__parameterized198   |     1|
|226   |            \prim_noinit.ram                 |blk_mem_gen_prim_wrapper__parameterized198 |     1|
|227   |          \ramloop[19].ram.r                 |blk_mem_gen_prim_width__parameterized18    |     1|
|228   |            \prim_noinit.ram                 |blk_mem_gen_prim_wrapper__parameterized18  |     1|
|229   |          \ramloop[1].ram.r                  |blk_mem_gen_prim_width__parameterized0     |     1|
|230   |            \prim_noinit.ram                 |blk_mem_gen_prim_wrapper__parameterized0   |     1|
|231   |          \ramloop[200].ram.r                |blk_mem_gen_prim_width__parameterized199   |     1|
|232   |            \prim_noinit.ram                 |blk_mem_gen_prim_wrapper__parameterized199 |     1|
|233   |          \ramloop[201].ram.r                |blk_mem_gen_prim_width__parameterized200   |     1|
|234   |            \prim_noinit.ram                 |blk_mem_gen_prim_wrapper__parameterized200 |     1|
|235   |          \ramloop[202].ram.r                |blk_mem_gen_prim_width__parameterized201   |     1|
|236   |            \prim_noinit.ram                 |blk_mem_gen_prim_wrapper__parameterized201 |     1|
|237   |          \ramloop[203].ram.r                |blk_mem_gen_prim_width__parameterized202   |     1|
|238   |            \prim_noinit.ram                 |blk_mem_gen_prim_wrapper__parameterized202 |     1|
|239   |          \ramloop[204].ram.r                |blk_mem_gen_prim_width__parameterized203   |     1|
|240   |            \prim_noinit.ram                 |blk_mem_gen_prim_wrapper__parameterized203 |     1|
|241   |          \ramloop[205].ram.r                |blk_mem_gen_prim_width__parameterized204   |     1|
|242   |            \prim_noinit.ram                 |blk_mem_gen_prim_wrapper__parameterized204 |     1|
|243   |          \ramloop[206].ram.r                |blk_mem_gen_prim_width__parameterized205   |     1|
|244   |            \prim_noinit.ram                 |blk_mem_gen_prim_wrapper__parameterized205 |     1|
|245   |          \ramloop[207].ram.r                |blk_mem_gen_prim_width__parameterized206   |     1|
|246   |            \prim_noinit.ram                 |blk_mem_gen_prim_wrapper__parameterized206 |     1|
|247   |          \ramloop[208].ram.r                |blk_mem_gen_prim_width__parameterized207   |     1|
|248   |            \prim_noinit.ram                 |blk_mem_gen_prim_wrapper__parameterized207 |     1|
|249   |          \ramloop[209].ram.r                |blk_mem_gen_prim_width__parameterized208   |     1|
|250   |            \prim_noinit.ram                 |blk_mem_gen_prim_wrapper__parameterized208 |     1|
|251   |          \ramloop[20].ram.r                 |blk_mem_gen_prim_width__parameterized19    |     1|
|252   |            \prim_noinit.ram                 |blk_mem_gen_prim_wrapper__parameterized19  |     1|
|253   |          \ramloop[210].ram.r                |blk_mem_gen_prim_width__parameterized209   |     1|
|254   |            \prim_noinit.ram                 |blk_mem_gen_prim_wrapper__parameterized209 |     1|
|255   |          \ramloop[211].ram.r                |blk_mem_gen_prim_width__parameterized210   |     1|
|256   |            \prim_noinit.ram                 |blk_mem_gen_prim_wrapper__parameterized210 |     1|
|257   |          \ramloop[212].ram.r                |blk_mem_gen_prim_width__parameterized211   |     1|
|258   |            \prim_noinit.ram                 |blk_mem_gen_prim_wrapper__parameterized211 |     1|
|259   |          \ramloop[213].ram.r                |blk_mem_gen_prim_width__parameterized212   |     1|
|260   |            \prim_noinit.ram                 |blk_mem_gen_prim_wrapper__parameterized212 |     1|
|261   |          \ramloop[214].ram.r                |blk_mem_gen_prim_width__parameterized213   |     1|
|262   |            \prim_noinit.ram                 |blk_mem_gen_prim_wrapper__parameterized213 |     1|
|263   |          \ramloop[215].ram.r                |blk_mem_gen_prim_width__parameterized214   |     1|
|264   |            \prim_noinit.ram                 |blk_mem_gen_prim_wrapper__parameterized214 |     1|
|265   |          \ramloop[216].ram.r                |blk_mem_gen_prim_width__parameterized215   |     1|
|266   |            \prim_noinit.ram                 |blk_mem_gen_prim_wrapper__parameterized215 |     1|
|267   |          \ramloop[217].ram.r                |blk_mem_gen_prim_width__parameterized216   |     1|
|268   |            \prim_noinit.ram                 |blk_mem_gen_prim_wrapper__parameterized216 |     1|
|269   |          \ramloop[218].ram.r                |blk_mem_gen_prim_width__parameterized217   |     1|
|270   |            \prim_noinit.ram                 |blk_mem_gen_prim_wrapper__parameterized217 |     1|
|271   |          \ramloop[219].ram.r                |blk_mem_gen_prim_width__parameterized218   |     1|
|272   |            \prim_noinit.ram                 |blk_mem_gen_prim_wrapper__parameterized218 |     1|
|273   |          \ramloop[21].ram.r                 |blk_mem_gen_prim_width__parameterized20    |     1|
|274   |            \prim_noinit.ram                 |blk_mem_gen_prim_wrapper__parameterized20  |     1|
|275   |          \ramloop[220].ram.r                |blk_mem_gen_prim_width__parameterized219   |     1|
|276   |            \prim_noinit.ram                 |blk_mem_gen_prim_wrapper__parameterized219 |     1|
|277   |          \ramloop[221].ram.r                |blk_mem_gen_prim_width__parameterized220   |     1|
|278   |            \prim_noinit.ram                 |blk_mem_gen_prim_wrapper__parameterized220 |     1|
|279   |          \ramloop[222].ram.r                |blk_mem_gen_prim_width__parameterized221   |     1|
|280   |            \prim_noinit.ram                 |blk_mem_gen_prim_wrapper__parameterized221 |     1|
|281   |          \ramloop[223].ram.r                |blk_mem_gen_prim_width__parameterized222   |     1|
|282   |            \prim_noinit.ram                 |blk_mem_gen_prim_wrapper__parameterized222 |     1|
|283   |          \ramloop[224].ram.r                |blk_mem_gen_prim_width__parameterized223   |     1|
|284   |            \prim_noinit.ram                 |blk_mem_gen_prim_wrapper__parameterized223 |     1|
|285   |          \ramloop[225].ram.r                |blk_mem_gen_prim_width__parameterized224   |     1|
|286   |            \prim_noinit.ram                 |blk_mem_gen_prim_wrapper__parameterized224 |     1|
|287   |          \ramloop[226].ram.r                |blk_mem_gen_prim_width__parameterized225   |     1|
|288   |            \prim_noinit.ram                 |blk_mem_gen_prim_wrapper__parameterized225 |     1|
|289   |          \ramloop[227].ram.r                |blk_mem_gen_prim_width__parameterized226   |     1|
|290   |            \prim_noinit.ram                 |blk_mem_gen_prim_wrapper__parameterized226 |     1|
|291   |          \ramloop[228].ram.r                |blk_mem_gen_prim_width__parameterized227   |     1|
|292   |            \prim_noinit.ram                 |blk_mem_gen_prim_wrapper__parameterized227 |     1|
|293   |          \ramloop[229].ram.r                |blk_mem_gen_prim_width__parameterized228   |     1|
|294   |            \prim_noinit.ram                 |blk_mem_gen_prim_wrapper__parameterized228 |     1|
|295   |          \ramloop[22].ram.r                 |blk_mem_gen_prim_width__parameterized21    |     1|
|296   |            \prim_noinit.ram                 |blk_mem_gen_prim_wrapper__parameterized21  |     1|
|297   |          \ramloop[230].ram.r                |blk_mem_gen_prim_width__parameterized229   |     1|
|298   |            \prim_noinit.ram                 |blk_mem_gen_prim_wrapper__parameterized229 |     1|
|299   |          \ramloop[231].ram.r                |blk_mem_gen_prim_width__parameterized230   |     1|
|300   |            \prim_noinit.ram                 |blk_mem_gen_prim_wrapper__parameterized230 |     1|
|301   |          \ramloop[232].ram.r                |blk_mem_gen_prim_width__parameterized231   |     1|
|302   |            \prim_noinit.ram                 |blk_mem_gen_prim_wrapper__parameterized231 |     1|
|303   |          \ramloop[233].ram.r                |blk_mem_gen_prim_width__parameterized232   |     1|
|304   |            \prim_noinit.ram                 |blk_mem_gen_prim_wrapper__parameterized232 |     1|
|305   |          \ramloop[234].ram.r                |blk_mem_gen_prim_width__parameterized233   |     1|
|306   |            \prim_noinit.ram                 |blk_mem_gen_prim_wrapper__parameterized233 |     1|
|307   |          \ramloop[235].ram.r                |blk_mem_gen_prim_width__parameterized234   |     1|
|308   |            \prim_noinit.ram                 |blk_mem_gen_prim_wrapper__parameterized234 |     1|
|309   |          \ramloop[236].ram.r                |blk_mem_gen_prim_width__parameterized235   |     1|
|310   |            \prim_noinit.ram                 |blk_mem_gen_prim_wrapper__parameterized235 |     1|
|311   |          \ramloop[237].ram.r                |blk_mem_gen_prim_width__parameterized236   |     1|
|312   |            \prim_noinit.ram                 |blk_mem_gen_prim_wrapper__parameterized236 |     1|
|313   |          \ramloop[238].ram.r                |blk_mem_gen_prim_width__parameterized237   |     1|
|314   |            \prim_noinit.ram                 |blk_mem_gen_prim_wrapper__parameterized237 |     1|
|315   |          \ramloop[239].ram.r                |blk_mem_gen_prim_width__parameterized238   |     1|
|316   |            \prim_noinit.ram                 |blk_mem_gen_prim_wrapper__parameterized238 |     1|
|317   |          \ramloop[23].ram.r                 |blk_mem_gen_prim_width__parameterized22    |     1|
|318   |            \prim_noinit.ram                 |blk_mem_gen_prim_wrapper__parameterized22  |     1|
|319   |          \ramloop[240].ram.r                |blk_mem_gen_prim_width__parameterized239   |     1|
|320   |            \prim_noinit.ram                 |blk_mem_gen_prim_wrapper__parameterized239 |     1|
|321   |          \ramloop[241].ram.r                |blk_mem_gen_prim_width__parameterized240   |     1|
|322   |            \prim_noinit.ram                 |blk_mem_gen_prim_wrapper__parameterized240 |     1|
|323   |          \ramloop[242].ram.r                |blk_mem_gen_prim_width__parameterized241   |     1|
|324   |            \prim_noinit.ram                 |blk_mem_gen_prim_wrapper__parameterized241 |     1|
|325   |          \ramloop[243].ram.r                |blk_mem_gen_prim_width__parameterized242   |     1|
|326   |            \prim_noinit.ram                 |blk_mem_gen_prim_wrapper__parameterized242 |     1|
|327   |          \ramloop[244].ram.r                |blk_mem_gen_prim_width__parameterized243   |     1|
|328   |            \prim_noinit.ram                 |blk_mem_gen_prim_wrapper__parameterized243 |     1|
|329   |          \ramloop[245].ram.r                |blk_mem_gen_prim_width__parameterized244   |     1|
|330   |            \prim_noinit.ram                 |blk_mem_gen_prim_wrapper__parameterized244 |     1|
|331   |          \ramloop[246].ram.r                |blk_mem_gen_prim_width__parameterized245   |     1|
|332   |            \prim_noinit.ram                 |blk_mem_gen_prim_wrapper__parameterized245 |     1|
|333   |          \ramloop[247].ram.r                |blk_mem_gen_prim_width__parameterized246   |     1|
|334   |            \prim_noinit.ram                 |blk_mem_gen_prim_wrapper__parameterized246 |     1|
|335   |          \ramloop[248].ram.r                |blk_mem_gen_prim_width__parameterized247   |     1|
|336   |            \prim_noinit.ram                 |blk_mem_gen_prim_wrapper__parameterized247 |     1|
|337   |          \ramloop[249].ram.r                |blk_mem_gen_prim_width__parameterized248   |     1|
|338   |            \prim_noinit.ram                 |blk_mem_gen_prim_wrapper__parameterized248 |     1|
|339   |          \ramloop[24].ram.r                 |blk_mem_gen_prim_width__parameterized23    |     1|
|340   |            \prim_noinit.ram                 |blk_mem_gen_prim_wrapper__parameterized23  |     1|
|341   |          \ramloop[250].ram.r                |blk_mem_gen_prim_width__parameterized249   |     1|
|342   |            \prim_noinit.ram                 |blk_mem_gen_prim_wrapper__parameterized249 |     1|
|343   |          \ramloop[251].ram.r                |blk_mem_gen_prim_width__parameterized250   |     1|
|344   |            \prim_noinit.ram                 |blk_mem_gen_prim_wrapper__parameterized250 |     1|
|345   |          \ramloop[252].ram.r                |blk_mem_gen_prim_width__parameterized251   |     1|
|346   |            \prim_noinit.ram                 |blk_mem_gen_prim_wrapper__parameterized251 |     1|
|347   |          \ramloop[253].ram.r                |blk_mem_gen_prim_width__parameterized252   |     1|
|348   |            \prim_noinit.ram                 |blk_mem_gen_prim_wrapper__parameterized252 |     1|
|349   |          \ramloop[254].ram.r                |blk_mem_gen_prim_width__parameterized253   |     1|
|350   |            \prim_noinit.ram                 |blk_mem_gen_prim_wrapper__parameterized253 |     1|
|351   |          \ramloop[255].ram.r                |blk_mem_gen_prim_width__parameterized254   |     1|
|352   |            \prim_noinit.ram                 |blk_mem_gen_prim_wrapper__parameterized254 |     1|
|353   |          \ramloop[256].ram.r                |blk_mem_gen_prim_width__parameterized255   |     1|
|354   |            \prim_noinit.ram                 |blk_mem_gen_prim_wrapper__parameterized255 |     1|
|355   |          \ramloop[257].ram.r                |blk_mem_gen_prim_width__parameterized256   |     1|
|356   |            \prim_noinit.ram                 |blk_mem_gen_prim_wrapper__parameterized256 |     1|
|357   |          \ramloop[258].ram.r                |blk_mem_gen_prim_width__parameterized257   |     1|
|358   |            \prim_noinit.ram                 |blk_mem_gen_prim_wrapper__parameterized257 |     1|
|359   |          \ramloop[259].ram.r                |blk_mem_gen_prim_width__parameterized258   |     1|
|360   |            \prim_noinit.ram                 |blk_mem_gen_prim_wrapper__parameterized258 |     1|
|361   |          \ramloop[25].ram.r                 |blk_mem_gen_prim_width__parameterized24    |     1|
|362   |            \prim_noinit.ram                 |blk_mem_gen_prim_wrapper__parameterized24  |     1|
|363   |          \ramloop[260].ram.r                |blk_mem_gen_prim_width__parameterized259   |     1|
|364   |            \prim_noinit.ram                 |blk_mem_gen_prim_wrapper__parameterized259 |     1|
|365   |          \ramloop[261].ram.r                |blk_mem_gen_prim_width__parameterized260   |     1|
|366   |            \prim_noinit.ram                 |blk_mem_gen_prim_wrapper__parameterized260 |     1|
|367   |          \ramloop[262].ram.r                |blk_mem_gen_prim_width__parameterized261   |     1|
|368   |            \prim_noinit.ram                 |blk_mem_gen_prim_wrapper__parameterized261 |     1|
|369   |          \ramloop[263].ram.r                |blk_mem_gen_prim_width__parameterized262   |     1|
|370   |            \prim_noinit.ram                 |blk_mem_gen_prim_wrapper__parameterized262 |     1|
|371   |          \ramloop[264].ram.r                |blk_mem_gen_prim_width__parameterized263   |     1|
|372   |            \prim_noinit.ram                 |blk_mem_gen_prim_wrapper__parameterized263 |     1|
|373   |          \ramloop[265].ram.r                |blk_mem_gen_prim_width__parameterized264   |     1|
|374   |            \prim_noinit.ram                 |blk_mem_gen_prim_wrapper__parameterized264 |     1|
|375   |          \ramloop[266].ram.r                |blk_mem_gen_prim_width__parameterized265   |     1|
|376   |            \prim_noinit.ram                 |blk_mem_gen_prim_wrapper__parameterized265 |     1|
|377   |          \ramloop[267].ram.r                |blk_mem_gen_prim_width__parameterized266   |     1|
|378   |            \prim_noinit.ram                 |blk_mem_gen_prim_wrapper__parameterized266 |     1|
|379   |          \ramloop[268].ram.r                |blk_mem_gen_prim_width__parameterized267   |     1|
|380   |            \prim_noinit.ram                 |blk_mem_gen_prim_wrapper__parameterized267 |     1|
|381   |          \ramloop[269].ram.r                |blk_mem_gen_prim_width__parameterized268   |     1|
|382   |            \prim_noinit.ram                 |blk_mem_gen_prim_wrapper__parameterized268 |     1|
|383   |          \ramloop[26].ram.r                 |blk_mem_gen_prim_width__parameterized25    |     1|
|384   |            \prim_noinit.ram                 |blk_mem_gen_prim_wrapper__parameterized25  |     1|
|385   |          \ramloop[270].ram.r                |blk_mem_gen_prim_width__parameterized269   |     1|
|386   |            \prim_noinit.ram                 |blk_mem_gen_prim_wrapper__parameterized269 |     1|
|387   |          \ramloop[271].ram.r                |blk_mem_gen_prim_width__parameterized270   |     1|
|388   |            \prim_noinit.ram                 |blk_mem_gen_prim_wrapper__parameterized270 |     1|
|389   |          \ramloop[272].ram.r                |blk_mem_gen_prim_width__parameterized271   |     1|
|390   |            \prim_noinit.ram                 |blk_mem_gen_prim_wrapper__parameterized271 |     1|
|391   |          \ramloop[273].ram.r                |blk_mem_gen_prim_width__parameterized272   |     1|
|392   |            \prim_noinit.ram                 |blk_mem_gen_prim_wrapper__parameterized272 |     1|
|393   |          \ramloop[274].ram.r                |blk_mem_gen_prim_width__parameterized273   |     1|
|394   |            \prim_noinit.ram                 |blk_mem_gen_prim_wrapper__parameterized273 |     1|
|395   |          \ramloop[275].ram.r                |blk_mem_gen_prim_width__parameterized274   |     1|
|396   |            \prim_noinit.ram                 |blk_mem_gen_prim_wrapper__parameterized274 |     1|
|397   |          \ramloop[276].ram.r                |blk_mem_gen_prim_width__parameterized275   |     1|
|398   |            \prim_noinit.ram                 |blk_mem_gen_prim_wrapper__parameterized275 |     1|
|399   |          \ramloop[277].ram.r                |blk_mem_gen_prim_width__parameterized276   |     1|
|400   |            \prim_noinit.ram                 |blk_mem_gen_prim_wrapper__parameterized276 |     1|
|401   |          \ramloop[278].ram.r                |blk_mem_gen_prim_width__parameterized277   |     1|
|402   |            \prim_noinit.ram                 |blk_mem_gen_prim_wrapper__parameterized277 |     1|
|403   |          \ramloop[279].ram.r                |blk_mem_gen_prim_width__parameterized278   |     1|
|404   |            \prim_noinit.ram                 |blk_mem_gen_prim_wrapper__parameterized278 |     1|
|405   |          \ramloop[27].ram.r                 |blk_mem_gen_prim_width__parameterized26    |     1|
|406   |            \prim_noinit.ram                 |blk_mem_gen_prim_wrapper__parameterized26  |     1|
|407   |          \ramloop[280].ram.r                |blk_mem_gen_prim_width__parameterized279   |     1|
|408   |            \prim_noinit.ram                 |blk_mem_gen_prim_wrapper__parameterized279 |     1|
|409   |          \ramloop[281].ram.r                |blk_mem_gen_prim_width__parameterized280   |     1|
|410   |            \prim_noinit.ram                 |blk_mem_gen_prim_wrapper__parameterized280 |     1|
|411   |          \ramloop[282].ram.r                |blk_mem_gen_prim_width__parameterized281   |     1|
|412   |            \prim_noinit.ram                 |blk_mem_gen_prim_wrapper__parameterized281 |     1|
|413   |          \ramloop[283].ram.r                |blk_mem_gen_prim_width__parameterized282   |     1|
|414   |            \prim_noinit.ram                 |blk_mem_gen_prim_wrapper__parameterized282 |     1|
|415   |          \ramloop[284].ram.r                |blk_mem_gen_prim_width__parameterized283   |     1|
|416   |            \prim_noinit.ram                 |blk_mem_gen_prim_wrapper__parameterized283 |     1|
|417   |          \ramloop[285].ram.r                |blk_mem_gen_prim_width__parameterized284   |     1|
|418   |            \prim_noinit.ram                 |blk_mem_gen_prim_wrapper__parameterized284 |     1|
|419   |          \ramloop[286].ram.r                |blk_mem_gen_prim_width__parameterized285   |     1|
|420   |            \prim_noinit.ram                 |blk_mem_gen_prim_wrapper__parameterized285 |     1|
|421   |          \ramloop[287].ram.r                |blk_mem_gen_prim_width__parameterized286   |     1|
|422   |            \prim_noinit.ram                 |blk_mem_gen_prim_wrapper__parameterized286 |     1|
|423   |          \ramloop[288].ram.r                |blk_mem_gen_prim_width__parameterized287   |     1|
|424   |            \prim_noinit.ram                 |blk_mem_gen_prim_wrapper__parameterized287 |     1|
|425   |          \ramloop[289].ram.r                |blk_mem_gen_prim_width__parameterized288   |     1|
|426   |            \prim_noinit.ram                 |blk_mem_gen_prim_wrapper__parameterized288 |     1|
|427   |          \ramloop[28].ram.r                 |blk_mem_gen_prim_width__parameterized27    |     1|
|428   |            \prim_noinit.ram                 |blk_mem_gen_prim_wrapper__parameterized27  |     1|
|429   |          \ramloop[290].ram.r                |blk_mem_gen_prim_width__parameterized289   |     1|
|430   |            \prim_noinit.ram                 |blk_mem_gen_prim_wrapper__parameterized289 |     1|
|431   |          \ramloop[291].ram.r                |blk_mem_gen_prim_width__parameterized290   |     1|
|432   |            \prim_noinit.ram                 |blk_mem_gen_prim_wrapper__parameterized290 |     1|
|433   |          \ramloop[292].ram.r                |blk_mem_gen_prim_width__parameterized291   |     1|
|434   |            \prim_noinit.ram                 |blk_mem_gen_prim_wrapper__parameterized291 |     1|
|435   |          \ramloop[293].ram.r                |blk_mem_gen_prim_width__parameterized292   |     1|
|436   |            \prim_noinit.ram                 |blk_mem_gen_prim_wrapper__parameterized292 |     1|
|437   |          \ramloop[294].ram.r                |blk_mem_gen_prim_width__parameterized293   |     1|
|438   |            \prim_noinit.ram                 |blk_mem_gen_prim_wrapper__parameterized293 |     1|
|439   |          \ramloop[295].ram.r                |blk_mem_gen_prim_width__parameterized294   |     1|
|440   |            \prim_noinit.ram                 |blk_mem_gen_prim_wrapper__parameterized294 |     1|
|441   |          \ramloop[296].ram.r                |blk_mem_gen_prim_width__parameterized295   |     1|
|442   |            \prim_noinit.ram                 |blk_mem_gen_prim_wrapper__parameterized295 |     1|
|443   |          \ramloop[297].ram.r                |blk_mem_gen_prim_width__parameterized296   |     1|
|444   |            \prim_noinit.ram                 |blk_mem_gen_prim_wrapper__parameterized296 |     1|
|445   |          \ramloop[298].ram.r                |blk_mem_gen_prim_width__parameterized297   |     1|
|446   |            \prim_noinit.ram                 |blk_mem_gen_prim_wrapper__parameterized297 |     1|
|447   |          \ramloop[299].ram.r                |blk_mem_gen_prim_width__parameterized298   |     1|
|448   |            \prim_noinit.ram                 |blk_mem_gen_prim_wrapper__parameterized298 |     1|
|449   |          \ramloop[29].ram.r                 |blk_mem_gen_prim_width__parameterized28    |     1|
|450   |            \prim_noinit.ram                 |blk_mem_gen_prim_wrapper__parameterized28  |     1|
|451   |          \ramloop[2].ram.r                  |blk_mem_gen_prim_width__parameterized1     |     1|
|452   |            \prim_noinit.ram                 |blk_mem_gen_prim_wrapper__parameterized1   |     1|
|453   |          \ramloop[300].ram.r                |blk_mem_gen_prim_width__parameterized299   |     1|
|454   |            \prim_noinit.ram                 |blk_mem_gen_prim_wrapper__parameterized299 |     1|
|455   |          \ramloop[301].ram.r                |blk_mem_gen_prim_width__parameterized300   |     1|
|456   |            \prim_noinit.ram                 |blk_mem_gen_prim_wrapper__parameterized300 |     1|
|457   |          \ramloop[302].ram.r                |blk_mem_gen_prim_width__parameterized301   |     1|
|458   |            \prim_noinit.ram                 |blk_mem_gen_prim_wrapper__parameterized301 |     1|
|459   |          \ramloop[303].ram.r                |blk_mem_gen_prim_width__parameterized302   |     1|
|460   |            \prim_noinit.ram                 |blk_mem_gen_prim_wrapper__parameterized302 |     1|
|461   |          \ramloop[304].ram.r                |blk_mem_gen_prim_width__parameterized303   |     1|
|462   |            \prim_noinit.ram                 |blk_mem_gen_prim_wrapper__parameterized303 |     1|
|463   |          \ramloop[305].ram.r                |blk_mem_gen_prim_width__parameterized304   |     1|
|464   |            \prim_noinit.ram                 |blk_mem_gen_prim_wrapper__parameterized304 |     1|
|465   |          \ramloop[306].ram.r                |blk_mem_gen_prim_width__parameterized305   |     1|
|466   |            \prim_noinit.ram                 |blk_mem_gen_prim_wrapper__parameterized305 |     1|
|467   |          \ramloop[307].ram.r                |blk_mem_gen_prim_width__parameterized306   |     1|
|468   |            \prim_noinit.ram                 |blk_mem_gen_prim_wrapper__parameterized306 |     1|
|469   |          \ramloop[308].ram.r                |blk_mem_gen_prim_width__parameterized307   |     1|
|470   |            \prim_noinit.ram                 |blk_mem_gen_prim_wrapper__parameterized307 |     1|
|471   |          \ramloop[309].ram.r                |blk_mem_gen_prim_width__parameterized308   |     1|
|472   |            \prim_noinit.ram                 |blk_mem_gen_prim_wrapper__parameterized308 |     1|
|473   |          \ramloop[30].ram.r                 |blk_mem_gen_prim_width__parameterized29    |     1|
|474   |            \prim_noinit.ram                 |blk_mem_gen_prim_wrapper__parameterized29  |     1|
|475   |          \ramloop[310].ram.r                |blk_mem_gen_prim_width__parameterized309   |     1|
|476   |            \prim_noinit.ram                 |blk_mem_gen_prim_wrapper__parameterized309 |     1|
|477   |          \ramloop[311].ram.r                |blk_mem_gen_prim_width__parameterized310   |     1|
|478   |            \prim_noinit.ram                 |blk_mem_gen_prim_wrapper__parameterized310 |     1|
|479   |          \ramloop[312].ram.r                |blk_mem_gen_prim_width__parameterized311   |     1|
|480   |            \prim_noinit.ram                 |blk_mem_gen_prim_wrapper__parameterized311 |     1|
|481   |          \ramloop[313].ram.r                |blk_mem_gen_prim_width__parameterized312   |     1|
|482   |            \prim_noinit.ram                 |blk_mem_gen_prim_wrapper__parameterized312 |     1|
|483   |          \ramloop[314].ram.r                |blk_mem_gen_prim_width__parameterized313   |     1|
|484   |            \prim_noinit.ram                 |blk_mem_gen_prim_wrapper__parameterized313 |     1|
|485   |          \ramloop[315].ram.r                |blk_mem_gen_prim_width__parameterized314   |     1|
|486   |            \prim_noinit.ram                 |blk_mem_gen_prim_wrapper__parameterized314 |     1|
|487   |          \ramloop[316].ram.r                |blk_mem_gen_prim_width__parameterized315   |     1|
|488   |            \prim_noinit.ram                 |blk_mem_gen_prim_wrapper__parameterized315 |     1|
|489   |          \ramloop[317].ram.r                |blk_mem_gen_prim_width__parameterized316   |     1|
|490   |            \prim_noinit.ram                 |blk_mem_gen_prim_wrapper__parameterized316 |     1|
|491   |          \ramloop[318].ram.r                |blk_mem_gen_prim_width__parameterized317   |     1|
|492   |            \prim_noinit.ram                 |blk_mem_gen_prim_wrapper__parameterized317 |     1|
|493   |          \ramloop[319].ram.r                |blk_mem_gen_prim_width__parameterized318   |     1|
|494   |            \prim_noinit.ram                 |blk_mem_gen_prim_wrapper__parameterized318 |     1|
|495   |          \ramloop[31].ram.r                 |blk_mem_gen_prim_width__parameterized30    |     1|
|496   |            \prim_noinit.ram                 |blk_mem_gen_prim_wrapper__parameterized30  |     1|
|497   |          \ramloop[320].ram.r                |blk_mem_gen_prim_width__parameterized319   |     1|
|498   |            \prim_noinit.ram                 |blk_mem_gen_prim_wrapper__parameterized319 |     1|
|499   |          \ramloop[321].ram.r                |blk_mem_gen_prim_width__parameterized320   |     1|
|500   |            \prim_noinit.ram                 |blk_mem_gen_prim_wrapper__parameterized320 |     1|
|501   |          \ramloop[322].ram.r                |blk_mem_gen_prim_width__parameterized321   |     1|
|502   |            \prim_noinit.ram                 |blk_mem_gen_prim_wrapper__parameterized321 |     1|
|503   |          \ramloop[323].ram.r                |blk_mem_gen_prim_width__parameterized322   |     1|
|504   |            \prim_noinit.ram                 |blk_mem_gen_prim_wrapper__parameterized322 |     1|
|505   |          \ramloop[324].ram.r                |blk_mem_gen_prim_width__parameterized323   |     1|
|506   |            \prim_noinit.ram                 |blk_mem_gen_prim_wrapper__parameterized323 |     1|
|507   |          \ramloop[325].ram.r                |blk_mem_gen_prim_width__parameterized324   |     1|
|508   |            \prim_noinit.ram                 |blk_mem_gen_prim_wrapper__parameterized324 |     1|
|509   |          \ramloop[326].ram.r                |blk_mem_gen_prim_width__parameterized325   |     1|
|510   |            \prim_noinit.ram                 |blk_mem_gen_prim_wrapper__parameterized325 |     1|
|511   |          \ramloop[327].ram.r                |blk_mem_gen_prim_width__parameterized326   |     1|
|512   |            \prim_noinit.ram                 |blk_mem_gen_prim_wrapper__parameterized326 |     1|
|513   |          \ramloop[328].ram.r                |blk_mem_gen_prim_width__parameterized327   |     1|
|514   |            \prim_noinit.ram                 |blk_mem_gen_prim_wrapper__parameterized327 |     1|
|515   |          \ramloop[329].ram.r                |blk_mem_gen_prim_width__parameterized328   |     1|
|516   |            \prim_noinit.ram                 |blk_mem_gen_prim_wrapper__parameterized328 |     1|
|517   |          \ramloop[32].ram.r                 |blk_mem_gen_prim_width__parameterized31    |     1|
|518   |            \prim_noinit.ram                 |blk_mem_gen_prim_wrapper__parameterized31  |     1|
|519   |          \ramloop[330].ram.r                |blk_mem_gen_prim_width__parameterized329   |     1|
|520   |            \prim_noinit.ram                 |blk_mem_gen_prim_wrapper__parameterized329 |     1|
|521   |          \ramloop[331].ram.r                |blk_mem_gen_prim_width__parameterized330   |     1|
|522   |            \prim_noinit.ram                 |blk_mem_gen_prim_wrapper__parameterized330 |     1|
|523   |          \ramloop[332].ram.r                |blk_mem_gen_prim_width__parameterized331   |     1|
|524   |            \prim_noinit.ram                 |blk_mem_gen_prim_wrapper__parameterized331 |     1|
|525   |          \ramloop[333].ram.r                |blk_mem_gen_prim_width__parameterized332   |     1|
|526   |            \prim_noinit.ram                 |blk_mem_gen_prim_wrapper__parameterized332 |     1|
|527   |          \ramloop[334].ram.r                |blk_mem_gen_prim_width__parameterized333   |     1|
|528   |            \prim_noinit.ram                 |blk_mem_gen_prim_wrapper__parameterized333 |     1|
|529   |          \ramloop[335].ram.r                |blk_mem_gen_prim_width__parameterized334   |     1|
|530   |            \prim_noinit.ram                 |blk_mem_gen_prim_wrapper__parameterized334 |     1|
|531   |          \ramloop[336].ram.r                |blk_mem_gen_prim_width__parameterized335   |     1|
|532   |            \prim_noinit.ram                 |blk_mem_gen_prim_wrapper__parameterized335 |     1|
|533   |          \ramloop[337].ram.r                |blk_mem_gen_prim_width__parameterized336   |     1|
|534   |            \prim_noinit.ram                 |blk_mem_gen_prim_wrapper__parameterized336 |     1|
|535   |          \ramloop[338].ram.r                |blk_mem_gen_prim_width__parameterized337   |     1|
|536   |            \prim_noinit.ram                 |blk_mem_gen_prim_wrapper__parameterized337 |     1|
|537   |          \ramloop[339].ram.r                |blk_mem_gen_prim_width__parameterized338   |     1|
|538   |            \prim_noinit.ram                 |blk_mem_gen_prim_wrapper__parameterized338 |     1|
|539   |          \ramloop[33].ram.r                 |blk_mem_gen_prim_width__parameterized32    |     1|
|540   |            \prim_noinit.ram                 |blk_mem_gen_prim_wrapper__parameterized32  |     1|
|541   |          \ramloop[340].ram.r                |blk_mem_gen_prim_width__parameterized339   |     1|
|542   |            \prim_noinit.ram                 |blk_mem_gen_prim_wrapper__parameterized339 |     1|
|543   |          \ramloop[341].ram.r                |blk_mem_gen_prim_width__parameterized340   |     1|
|544   |            \prim_noinit.ram                 |blk_mem_gen_prim_wrapper__parameterized340 |     1|
|545   |          \ramloop[342].ram.r                |blk_mem_gen_prim_width__parameterized341   |     1|
|546   |            \prim_noinit.ram                 |blk_mem_gen_prim_wrapper__parameterized341 |     1|
|547   |          \ramloop[343].ram.r                |blk_mem_gen_prim_width__parameterized342   |     1|
|548   |            \prim_noinit.ram                 |blk_mem_gen_prim_wrapper__parameterized342 |     1|
|549   |          \ramloop[344].ram.r                |blk_mem_gen_prim_width__parameterized343   |     1|
|550   |            \prim_noinit.ram                 |blk_mem_gen_prim_wrapper__parameterized343 |     1|
|551   |          \ramloop[345].ram.r                |blk_mem_gen_prim_width__parameterized344   |     1|
|552   |            \prim_noinit.ram                 |blk_mem_gen_prim_wrapper__parameterized344 |     1|
|553   |          \ramloop[346].ram.r                |blk_mem_gen_prim_width__parameterized345   |     1|
|554   |            \prim_noinit.ram                 |blk_mem_gen_prim_wrapper__parameterized345 |     1|
|555   |          \ramloop[347].ram.r                |blk_mem_gen_prim_width__parameterized346   |     1|
|556   |            \prim_noinit.ram                 |blk_mem_gen_prim_wrapper__parameterized346 |     1|
|557   |          \ramloop[348].ram.r                |blk_mem_gen_prim_width__parameterized347   |     1|
|558   |            \prim_noinit.ram                 |blk_mem_gen_prim_wrapper__parameterized347 |     1|
|559   |          \ramloop[349].ram.r                |blk_mem_gen_prim_width__parameterized348   |     1|
|560   |            \prim_noinit.ram                 |blk_mem_gen_prim_wrapper__parameterized348 |     1|
|561   |          \ramloop[34].ram.r                 |blk_mem_gen_prim_width__parameterized33    |     1|
|562   |            \prim_noinit.ram                 |blk_mem_gen_prim_wrapper__parameterized33  |     1|
|563   |          \ramloop[350].ram.r                |blk_mem_gen_prim_width__parameterized349   |     1|
|564   |            \prim_noinit.ram                 |blk_mem_gen_prim_wrapper__parameterized349 |     1|
|565   |          \ramloop[351].ram.r                |blk_mem_gen_prim_width__parameterized350   |     1|
|566   |            \prim_noinit.ram                 |blk_mem_gen_prim_wrapper__parameterized350 |     1|
|567   |          \ramloop[352].ram.r                |blk_mem_gen_prim_width__parameterized351   |     1|
|568   |            \prim_noinit.ram                 |blk_mem_gen_prim_wrapper__parameterized351 |     1|
|569   |          \ramloop[353].ram.r                |blk_mem_gen_prim_width__parameterized352   |     1|
|570   |            \prim_noinit.ram                 |blk_mem_gen_prim_wrapper__parameterized352 |     1|
|571   |          \ramloop[354].ram.r                |blk_mem_gen_prim_width__parameterized353   |     1|
|572   |            \prim_noinit.ram                 |blk_mem_gen_prim_wrapper__parameterized353 |     1|
|573   |          \ramloop[355].ram.r                |blk_mem_gen_prim_width__parameterized354   |     1|
|574   |            \prim_noinit.ram                 |blk_mem_gen_prim_wrapper__parameterized354 |     1|
|575   |          \ramloop[356].ram.r                |blk_mem_gen_prim_width__parameterized355   |     1|
|576   |            \prim_noinit.ram                 |blk_mem_gen_prim_wrapper__parameterized355 |     1|
|577   |          \ramloop[357].ram.r                |blk_mem_gen_prim_width__parameterized356   |     1|
|578   |            \prim_noinit.ram                 |blk_mem_gen_prim_wrapper__parameterized356 |     1|
|579   |          \ramloop[358].ram.r                |blk_mem_gen_prim_width__parameterized357   |     1|
|580   |            \prim_noinit.ram                 |blk_mem_gen_prim_wrapper__parameterized357 |     1|
|581   |          \ramloop[359].ram.r                |blk_mem_gen_prim_width__parameterized358   |     1|
|582   |            \prim_noinit.ram                 |blk_mem_gen_prim_wrapper__parameterized358 |     1|
|583   |          \ramloop[35].ram.r                 |blk_mem_gen_prim_width__parameterized34    |     1|
|584   |            \prim_noinit.ram                 |blk_mem_gen_prim_wrapper__parameterized34  |     1|
|585   |          \ramloop[360].ram.r                |blk_mem_gen_prim_width__parameterized359   |     1|
|586   |            \prim_noinit.ram                 |blk_mem_gen_prim_wrapper__parameterized359 |     1|
|587   |          \ramloop[361].ram.r                |blk_mem_gen_prim_width__parameterized360   |     1|
|588   |            \prim_noinit.ram                 |blk_mem_gen_prim_wrapper__parameterized360 |     1|
|589   |          \ramloop[362].ram.r                |blk_mem_gen_prim_width__parameterized361   |     1|
|590   |            \prim_noinit.ram                 |blk_mem_gen_prim_wrapper__parameterized361 |     1|
|591   |          \ramloop[363].ram.r                |blk_mem_gen_prim_width__parameterized362   |     1|
|592   |            \prim_noinit.ram                 |blk_mem_gen_prim_wrapper__parameterized362 |     1|
|593   |          \ramloop[364].ram.r                |blk_mem_gen_prim_width__parameterized363   |     1|
|594   |            \prim_noinit.ram                 |blk_mem_gen_prim_wrapper__parameterized363 |     1|
|595   |          \ramloop[365].ram.r                |blk_mem_gen_prim_width__parameterized364   |     1|
|596   |            \prim_noinit.ram                 |blk_mem_gen_prim_wrapper__parameterized364 |     1|
|597   |          \ramloop[366].ram.r                |blk_mem_gen_prim_width__parameterized365   |     1|
|598   |            \prim_noinit.ram                 |blk_mem_gen_prim_wrapper__parameterized365 |     1|
|599   |          \ramloop[367].ram.r                |blk_mem_gen_prim_width__parameterized366   |     1|
|600   |            \prim_noinit.ram                 |blk_mem_gen_prim_wrapper__parameterized366 |     1|
|601   |          \ramloop[368].ram.r                |blk_mem_gen_prim_width__parameterized367   |     1|
|602   |            \prim_noinit.ram                 |blk_mem_gen_prim_wrapper__parameterized367 |     1|
|603   |          \ramloop[369].ram.r                |blk_mem_gen_prim_width__parameterized368   |     1|
|604   |            \prim_noinit.ram                 |blk_mem_gen_prim_wrapper__parameterized368 |     1|
|605   |          \ramloop[36].ram.r                 |blk_mem_gen_prim_width__parameterized35    |     1|
|606   |            \prim_noinit.ram                 |blk_mem_gen_prim_wrapper__parameterized35  |     1|
|607   |          \ramloop[370].ram.r                |blk_mem_gen_prim_width__parameterized369   |     1|
|608   |            \prim_noinit.ram                 |blk_mem_gen_prim_wrapper__parameterized369 |     1|
|609   |          \ramloop[371].ram.r                |blk_mem_gen_prim_width__parameterized370   |     1|
|610   |            \prim_noinit.ram                 |blk_mem_gen_prim_wrapper__parameterized370 |     1|
|611   |          \ramloop[372].ram.r                |blk_mem_gen_prim_width__parameterized371   |     1|
|612   |            \prim_noinit.ram                 |blk_mem_gen_prim_wrapper__parameterized371 |     1|
|613   |          \ramloop[373].ram.r                |blk_mem_gen_prim_width__parameterized372   |     1|
|614   |            \prim_noinit.ram                 |blk_mem_gen_prim_wrapper__parameterized372 |     1|
|615   |          \ramloop[374].ram.r                |blk_mem_gen_prim_width__parameterized373   |     1|
|616   |            \prim_noinit.ram                 |blk_mem_gen_prim_wrapper__parameterized373 |     1|
|617   |          \ramloop[375].ram.r                |blk_mem_gen_prim_width__parameterized374   |     1|
|618   |            \prim_noinit.ram                 |blk_mem_gen_prim_wrapper__parameterized374 |     1|
|619   |          \ramloop[376].ram.r                |blk_mem_gen_prim_width__parameterized375   |     1|
|620   |            \prim_noinit.ram                 |blk_mem_gen_prim_wrapper__parameterized375 |     1|
|621   |          \ramloop[377].ram.r                |blk_mem_gen_prim_width__parameterized376   |     1|
|622   |            \prim_noinit.ram                 |blk_mem_gen_prim_wrapper__parameterized376 |     1|
|623   |          \ramloop[378].ram.r                |blk_mem_gen_prim_width__parameterized377   |     1|
|624   |            \prim_noinit.ram                 |blk_mem_gen_prim_wrapper__parameterized377 |     1|
|625   |          \ramloop[379].ram.r                |blk_mem_gen_prim_width__parameterized378   |     1|
|626   |            \prim_noinit.ram                 |blk_mem_gen_prim_wrapper__parameterized378 |     1|
|627   |          \ramloop[37].ram.r                 |blk_mem_gen_prim_width__parameterized36    |     1|
|628   |            \prim_noinit.ram                 |blk_mem_gen_prim_wrapper__parameterized36  |     1|
|629   |          \ramloop[380].ram.r                |blk_mem_gen_prim_width__parameterized379   |     1|
|630   |            \prim_noinit.ram                 |blk_mem_gen_prim_wrapper__parameterized379 |     1|
|631   |          \ramloop[381].ram.r                |blk_mem_gen_prim_width__parameterized380   |     1|
|632   |            \prim_noinit.ram                 |blk_mem_gen_prim_wrapper__parameterized380 |     1|
|633   |          \ramloop[382].ram.r                |blk_mem_gen_prim_width__parameterized381   |     1|
|634   |            \prim_noinit.ram                 |blk_mem_gen_prim_wrapper__parameterized381 |     1|
|635   |          \ramloop[383].ram.r                |blk_mem_gen_prim_width__parameterized382   |     1|
|636   |            \prim_noinit.ram                 |blk_mem_gen_prim_wrapper__parameterized382 |     1|
|637   |          \ramloop[384].ram.r                |blk_mem_gen_prim_width__parameterized383   |     1|
|638   |            \prim_noinit.ram                 |blk_mem_gen_prim_wrapper__parameterized383 |     1|
|639   |          \ramloop[385].ram.r                |blk_mem_gen_prim_width__parameterized384   |     1|
|640   |            \prim_noinit.ram                 |blk_mem_gen_prim_wrapper__parameterized384 |     1|
|641   |          \ramloop[386].ram.r                |blk_mem_gen_prim_width__parameterized385   |     1|
|642   |            \prim_noinit.ram                 |blk_mem_gen_prim_wrapper__parameterized385 |     1|
|643   |          \ramloop[387].ram.r                |blk_mem_gen_prim_width__parameterized386   |     1|
|644   |            \prim_noinit.ram                 |blk_mem_gen_prim_wrapper__parameterized386 |     1|
|645   |          \ramloop[388].ram.r                |blk_mem_gen_prim_width__parameterized387   |     1|
|646   |            \prim_noinit.ram                 |blk_mem_gen_prim_wrapper__parameterized387 |     1|
|647   |          \ramloop[389].ram.r                |blk_mem_gen_prim_width__parameterized388   |     1|
|648   |            \prim_noinit.ram                 |blk_mem_gen_prim_wrapper__parameterized388 |     1|
|649   |          \ramloop[38].ram.r                 |blk_mem_gen_prim_width__parameterized37    |     1|
|650   |            \prim_noinit.ram                 |blk_mem_gen_prim_wrapper__parameterized37  |     1|
|651   |          \ramloop[390].ram.r                |blk_mem_gen_prim_width__parameterized389   |     1|
|652   |            \prim_noinit.ram                 |blk_mem_gen_prim_wrapper__parameterized389 |     1|
|653   |          \ramloop[391].ram.r                |blk_mem_gen_prim_width__parameterized390   |     1|
|654   |            \prim_noinit.ram                 |blk_mem_gen_prim_wrapper__parameterized390 |     1|
|655   |          \ramloop[392].ram.r                |blk_mem_gen_prim_width__parameterized391   |     1|
|656   |            \prim_noinit.ram                 |blk_mem_gen_prim_wrapper__parameterized391 |     1|
|657   |          \ramloop[393].ram.r                |blk_mem_gen_prim_width__parameterized392   |     1|
|658   |            \prim_noinit.ram                 |blk_mem_gen_prim_wrapper__parameterized392 |     1|
|659   |          \ramloop[394].ram.r                |blk_mem_gen_prim_width__parameterized393   |     1|
|660   |            \prim_noinit.ram                 |blk_mem_gen_prim_wrapper__parameterized393 |     1|
|661   |          \ramloop[395].ram.r                |blk_mem_gen_prim_width__parameterized394   |     1|
|662   |            \prim_noinit.ram                 |blk_mem_gen_prim_wrapper__parameterized394 |     1|
|663   |          \ramloop[396].ram.r                |blk_mem_gen_prim_width__parameterized395   |     1|
|664   |            \prim_noinit.ram                 |blk_mem_gen_prim_wrapper__parameterized395 |     1|
|665   |          \ramloop[397].ram.r                |blk_mem_gen_prim_width__parameterized396   |     1|
|666   |            \prim_noinit.ram                 |blk_mem_gen_prim_wrapper__parameterized396 |     1|
|667   |          \ramloop[398].ram.r                |blk_mem_gen_prim_width__parameterized397   |     1|
|668   |            \prim_noinit.ram                 |blk_mem_gen_prim_wrapper__parameterized397 |     1|
|669   |          \ramloop[399].ram.r                |blk_mem_gen_prim_width__parameterized398   |     1|
|670   |            \prim_noinit.ram                 |blk_mem_gen_prim_wrapper__parameterized398 |     1|
|671   |          \ramloop[39].ram.r                 |blk_mem_gen_prim_width__parameterized38    |     1|
|672   |            \prim_noinit.ram                 |blk_mem_gen_prim_wrapper__parameterized38  |     1|
|673   |          \ramloop[3].ram.r                  |blk_mem_gen_prim_width__parameterized2     |     1|
|674   |            \prim_noinit.ram                 |blk_mem_gen_prim_wrapper__parameterized2   |     1|
|675   |          \ramloop[400].ram.r                |blk_mem_gen_prim_width__parameterized399   |     1|
|676   |            \prim_noinit.ram                 |blk_mem_gen_prim_wrapper__parameterized399 |     1|
|677   |          \ramloop[401].ram.r                |blk_mem_gen_prim_width__parameterized400   |     1|
|678   |            \prim_noinit.ram                 |blk_mem_gen_prim_wrapper__parameterized400 |     1|
|679   |          \ramloop[402].ram.r                |blk_mem_gen_prim_width__parameterized401   |     1|
|680   |            \prim_noinit.ram                 |blk_mem_gen_prim_wrapper__parameterized401 |     1|
|681   |          \ramloop[403].ram.r                |blk_mem_gen_prim_width__parameterized402   |     1|
|682   |            \prim_noinit.ram                 |blk_mem_gen_prim_wrapper__parameterized402 |     1|
|683   |          \ramloop[404].ram.r                |blk_mem_gen_prim_width__parameterized403   |     1|
|684   |            \prim_noinit.ram                 |blk_mem_gen_prim_wrapper__parameterized403 |     1|
|685   |          \ramloop[405].ram.r                |blk_mem_gen_prim_width__parameterized404   |     1|
|686   |            \prim_noinit.ram                 |blk_mem_gen_prim_wrapper__parameterized404 |     1|
|687   |          \ramloop[406].ram.r                |blk_mem_gen_prim_width__parameterized405   |     1|
|688   |            \prim_noinit.ram                 |blk_mem_gen_prim_wrapper__parameterized405 |     1|
|689   |          \ramloop[407].ram.r                |blk_mem_gen_prim_width__parameterized406   |     1|
|690   |            \prim_noinit.ram                 |blk_mem_gen_prim_wrapper__parameterized406 |     1|
|691   |          \ramloop[408].ram.r                |blk_mem_gen_prim_width__parameterized407   |     1|
|692   |            \prim_noinit.ram                 |blk_mem_gen_prim_wrapper__parameterized407 |     1|
|693   |          \ramloop[409].ram.r                |blk_mem_gen_prim_width__parameterized408   |     1|
|694   |            \prim_noinit.ram                 |blk_mem_gen_prim_wrapper__parameterized408 |     1|
|695   |          \ramloop[40].ram.r                 |blk_mem_gen_prim_width__parameterized39    |     1|
|696   |            \prim_noinit.ram                 |blk_mem_gen_prim_wrapper__parameterized39  |     1|
|697   |          \ramloop[410].ram.r                |blk_mem_gen_prim_width__parameterized409   |     1|
|698   |            \prim_noinit.ram                 |blk_mem_gen_prim_wrapper__parameterized409 |     1|
|699   |          \ramloop[411].ram.r                |blk_mem_gen_prim_width__parameterized410   |     1|
|700   |            \prim_noinit.ram                 |blk_mem_gen_prim_wrapper__parameterized410 |     1|
|701   |          \ramloop[412].ram.r                |blk_mem_gen_prim_width__parameterized411   |     1|
|702   |            \prim_noinit.ram                 |blk_mem_gen_prim_wrapper__parameterized411 |     1|
|703   |          \ramloop[413].ram.r                |blk_mem_gen_prim_width__parameterized412   |     1|
|704   |            \prim_noinit.ram                 |blk_mem_gen_prim_wrapper__parameterized412 |     1|
|705   |          \ramloop[414].ram.r                |blk_mem_gen_prim_width__parameterized413   |     1|
|706   |            \prim_noinit.ram                 |blk_mem_gen_prim_wrapper__parameterized413 |     1|
|707   |          \ramloop[415].ram.r                |blk_mem_gen_prim_width__parameterized414   |     1|
|708   |            \prim_noinit.ram                 |blk_mem_gen_prim_wrapper__parameterized414 |     1|
|709   |          \ramloop[416].ram.r                |blk_mem_gen_prim_width__parameterized415   |     1|
|710   |            \prim_noinit.ram                 |blk_mem_gen_prim_wrapper__parameterized415 |     1|
|711   |          \ramloop[417].ram.r                |blk_mem_gen_prim_width__parameterized416   |     1|
|712   |            \prim_noinit.ram                 |blk_mem_gen_prim_wrapper__parameterized416 |     1|
|713   |          \ramloop[418].ram.r                |blk_mem_gen_prim_width__parameterized417   |     1|
|714   |            \prim_noinit.ram                 |blk_mem_gen_prim_wrapper__parameterized417 |     1|
|715   |          \ramloop[419].ram.r                |blk_mem_gen_prim_width__parameterized418   |     1|
|716   |            \prim_noinit.ram                 |blk_mem_gen_prim_wrapper__parameterized418 |     1|
|717   |          \ramloop[41].ram.r                 |blk_mem_gen_prim_width__parameterized40    |     1|
|718   |            \prim_noinit.ram                 |blk_mem_gen_prim_wrapper__parameterized40  |     1|
|719   |          \ramloop[420].ram.r                |blk_mem_gen_prim_width__parameterized419   |     1|
|720   |            \prim_noinit.ram                 |blk_mem_gen_prim_wrapper__parameterized419 |     1|
|721   |          \ramloop[421].ram.r                |blk_mem_gen_prim_width__parameterized420   |     1|
|722   |            \prim_noinit.ram                 |blk_mem_gen_prim_wrapper__parameterized420 |     1|
|723   |          \ramloop[422].ram.r                |blk_mem_gen_prim_width__parameterized421   |     1|
|724   |            \prim_noinit.ram                 |blk_mem_gen_prim_wrapper__parameterized421 |     1|
|725   |          \ramloop[423].ram.r                |blk_mem_gen_prim_width__parameterized422   |     1|
|726   |            \prim_noinit.ram                 |blk_mem_gen_prim_wrapper__parameterized422 |     1|
|727   |          \ramloop[424].ram.r                |blk_mem_gen_prim_width__parameterized423   |     1|
|728   |            \prim_noinit.ram                 |blk_mem_gen_prim_wrapper__parameterized423 |     1|
|729   |          \ramloop[425].ram.r                |blk_mem_gen_prim_width__parameterized424   |     1|
|730   |            \prim_noinit.ram                 |blk_mem_gen_prim_wrapper__parameterized424 |     1|
|731   |          \ramloop[426].ram.r                |blk_mem_gen_prim_width__parameterized425   |     1|
|732   |            \prim_noinit.ram                 |blk_mem_gen_prim_wrapper__parameterized425 |     1|
|733   |          \ramloop[427].ram.r                |blk_mem_gen_prim_width__parameterized426   |     1|
|734   |            \prim_noinit.ram                 |blk_mem_gen_prim_wrapper__parameterized426 |     1|
|735   |          \ramloop[428].ram.r                |blk_mem_gen_prim_width__parameterized427   |     1|
|736   |            \prim_noinit.ram                 |blk_mem_gen_prim_wrapper__parameterized427 |     1|
|737   |          \ramloop[429].ram.r                |blk_mem_gen_prim_width__parameterized428   |     1|
|738   |            \prim_noinit.ram                 |blk_mem_gen_prim_wrapper__parameterized428 |     1|
|739   |          \ramloop[42].ram.r                 |blk_mem_gen_prim_width__parameterized41    |     1|
|740   |            \prim_noinit.ram                 |blk_mem_gen_prim_wrapper__parameterized41  |     1|
|741   |          \ramloop[430].ram.r                |blk_mem_gen_prim_width__parameterized429   |     1|
|742   |            \prim_noinit.ram                 |blk_mem_gen_prim_wrapper__parameterized429 |     1|
|743   |          \ramloop[431].ram.r                |blk_mem_gen_prim_width__parameterized430   |     1|
|744   |            \prim_noinit.ram                 |blk_mem_gen_prim_wrapper__parameterized430 |     1|
|745   |          \ramloop[432].ram.r                |blk_mem_gen_prim_width__parameterized431   |     1|
|746   |            \prim_noinit.ram                 |blk_mem_gen_prim_wrapper__parameterized431 |     1|
|747   |          \ramloop[433].ram.r                |blk_mem_gen_prim_width__parameterized432   |     1|
|748   |            \prim_noinit.ram                 |blk_mem_gen_prim_wrapper__parameterized432 |     1|
|749   |          \ramloop[434].ram.r                |blk_mem_gen_prim_width__parameterized433   |     1|
|750   |            \prim_noinit.ram                 |blk_mem_gen_prim_wrapper__parameterized433 |     1|
|751   |          \ramloop[435].ram.r                |blk_mem_gen_prim_width__parameterized434   |     1|
|752   |            \prim_noinit.ram                 |blk_mem_gen_prim_wrapper__parameterized434 |     1|
|753   |          \ramloop[436].ram.r                |blk_mem_gen_prim_width__parameterized435   |     1|
|754   |            \prim_noinit.ram                 |blk_mem_gen_prim_wrapper__parameterized435 |     1|
|755   |          \ramloop[437].ram.r                |blk_mem_gen_prim_width__parameterized436   |     1|
|756   |            \prim_noinit.ram                 |blk_mem_gen_prim_wrapper__parameterized436 |     1|
|757   |          \ramloop[438].ram.r                |blk_mem_gen_prim_width__parameterized437   |     1|
|758   |            \prim_noinit.ram                 |blk_mem_gen_prim_wrapper__parameterized437 |     1|
|759   |          \ramloop[439].ram.r                |blk_mem_gen_prim_width__parameterized438   |     1|
|760   |            \prim_noinit.ram                 |blk_mem_gen_prim_wrapper__parameterized438 |     1|
|761   |          \ramloop[43].ram.r                 |blk_mem_gen_prim_width__parameterized42    |     1|
|762   |            \prim_noinit.ram                 |blk_mem_gen_prim_wrapper__parameterized42  |     1|
|763   |          \ramloop[440].ram.r                |blk_mem_gen_prim_width__parameterized439   |     1|
|764   |            \prim_noinit.ram                 |blk_mem_gen_prim_wrapper__parameterized439 |     1|
|765   |          \ramloop[441].ram.r                |blk_mem_gen_prim_width__parameterized440   |     1|
|766   |            \prim_noinit.ram                 |blk_mem_gen_prim_wrapper__parameterized440 |     1|
|767   |          \ramloop[442].ram.r                |blk_mem_gen_prim_width__parameterized441   |     1|
|768   |            \prim_noinit.ram                 |blk_mem_gen_prim_wrapper__parameterized441 |     1|
|769   |          \ramloop[443].ram.r                |blk_mem_gen_prim_width__parameterized442   |     1|
|770   |            \prim_noinit.ram                 |blk_mem_gen_prim_wrapper__parameterized442 |     1|
|771   |          \ramloop[444].ram.r                |blk_mem_gen_prim_width__parameterized443   |     1|
|772   |            \prim_noinit.ram                 |blk_mem_gen_prim_wrapper__parameterized443 |     1|
|773   |          \ramloop[445].ram.r                |blk_mem_gen_prim_width__parameterized444   |     1|
|774   |            \prim_noinit.ram                 |blk_mem_gen_prim_wrapper__parameterized444 |     1|
|775   |          \ramloop[446].ram.r                |blk_mem_gen_prim_width__parameterized445   |     1|
|776   |            \prim_noinit.ram                 |blk_mem_gen_prim_wrapper__parameterized445 |     1|
|777   |          \ramloop[447].ram.r                |blk_mem_gen_prim_width__parameterized446   |     1|
|778   |            \prim_noinit.ram                 |blk_mem_gen_prim_wrapper__parameterized446 |     1|
|779   |          \ramloop[448].ram.r                |blk_mem_gen_prim_width__parameterized447   |     1|
|780   |            \prim_noinit.ram                 |blk_mem_gen_prim_wrapper__parameterized447 |     1|
|781   |          \ramloop[449].ram.r                |blk_mem_gen_prim_width__parameterized448   |     1|
|782   |            \prim_noinit.ram                 |blk_mem_gen_prim_wrapper__parameterized448 |     1|
|783   |          \ramloop[44].ram.r                 |blk_mem_gen_prim_width__parameterized43    |     1|
|784   |            \prim_noinit.ram                 |blk_mem_gen_prim_wrapper__parameterized43  |     1|
|785   |          \ramloop[450].ram.r                |blk_mem_gen_prim_width__parameterized449   |     1|
|786   |            \prim_noinit.ram                 |blk_mem_gen_prim_wrapper__parameterized449 |     1|
|787   |          \ramloop[451].ram.r                |blk_mem_gen_prim_width__parameterized450   |     1|
|788   |            \prim_noinit.ram                 |blk_mem_gen_prim_wrapper__parameterized450 |     1|
|789   |          \ramloop[452].ram.r                |blk_mem_gen_prim_width__parameterized451   |     1|
|790   |            \prim_noinit.ram                 |blk_mem_gen_prim_wrapper__parameterized451 |     1|
|791   |          \ramloop[453].ram.r                |blk_mem_gen_prim_width__parameterized452   |     1|
|792   |            \prim_noinit.ram                 |blk_mem_gen_prim_wrapper__parameterized452 |     1|
|793   |          \ramloop[454].ram.r                |blk_mem_gen_prim_width__parameterized453   |     1|
|794   |            \prim_noinit.ram                 |blk_mem_gen_prim_wrapper__parameterized453 |     1|
|795   |          \ramloop[455].ram.r                |blk_mem_gen_prim_width__parameterized454   |     1|
|796   |            \prim_noinit.ram                 |blk_mem_gen_prim_wrapper__parameterized454 |     1|
|797   |          \ramloop[456].ram.r                |blk_mem_gen_prim_width__parameterized455   |     1|
|798   |            \prim_noinit.ram                 |blk_mem_gen_prim_wrapper__parameterized455 |     1|
|799   |          \ramloop[457].ram.r                |blk_mem_gen_prim_width__parameterized456   |     1|
|800   |            \prim_noinit.ram                 |blk_mem_gen_prim_wrapper__parameterized456 |     1|
|801   |          \ramloop[458].ram.r                |blk_mem_gen_prim_width__parameterized457   |     1|
|802   |            \prim_noinit.ram                 |blk_mem_gen_prim_wrapper__parameterized457 |     1|
|803   |          \ramloop[459].ram.r                |blk_mem_gen_prim_width__parameterized458   |     1|
|804   |            \prim_noinit.ram                 |blk_mem_gen_prim_wrapper__parameterized458 |     1|
|805   |          \ramloop[45].ram.r                 |blk_mem_gen_prim_width__parameterized44    |     1|
|806   |            \prim_noinit.ram                 |blk_mem_gen_prim_wrapper__parameterized44  |     1|
|807   |          \ramloop[460].ram.r                |blk_mem_gen_prim_width__parameterized459   |     1|
|808   |            \prim_noinit.ram                 |blk_mem_gen_prim_wrapper__parameterized459 |     1|
|809   |          \ramloop[461].ram.r                |blk_mem_gen_prim_width__parameterized460   |     1|
|810   |            \prim_noinit.ram                 |blk_mem_gen_prim_wrapper__parameterized460 |     1|
|811   |          \ramloop[462].ram.r                |blk_mem_gen_prim_width__parameterized461   |     1|
|812   |            \prim_noinit.ram                 |blk_mem_gen_prim_wrapper__parameterized461 |     1|
|813   |          \ramloop[463].ram.r                |blk_mem_gen_prim_width__parameterized462   |     1|
|814   |            \prim_noinit.ram                 |blk_mem_gen_prim_wrapper__parameterized462 |     1|
|815   |          \ramloop[464].ram.r                |blk_mem_gen_prim_width__parameterized463   |     1|
|816   |            \prim_noinit.ram                 |blk_mem_gen_prim_wrapper__parameterized463 |     1|
|817   |          \ramloop[465].ram.r                |blk_mem_gen_prim_width__parameterized464   |     1|
|818   |            \prim_noinit.ram                 |blk_mem_gen_prim_wrapper__parameterized464 |     1|
|819   |          \ramloop[466].ram.r                |blk_mem_gen_prim_width__parameterized465   |     1|
|820   |            \prim_noinit.ram                 |blk_mem_gen_prim_wrapper__parameterized465 |     1|
|821   |          \ramloop[467].ram.r                |blk_mem_gen_prim_width__parameterized466   |     1|
|822   |            \prim_noinit.ram                 |blk_mem_gen_prim_wrapper__parameterized466 |     1|
|823   |          \ramloop[468].ram.r                |blk_mem_gen_prim_width__parameterized467   |     1|
|824   |            \prim_noinit.ram                 |blk_mem_gen_prim_wrapper__parameterized467 |     1|
|825   |          \ramloop[469].ram.r                |blk_mem_gen_prim_width__parameterized468   |     1|
|826   |            \prim_noinit.ram                 |blk_mem_gen_prim_wrapper__parameterized468 |     1|
|827   |          \ramloop[46].ram.r                 |blk_mem_gen_prim_width__parameterized45    |     1|
|828   |            \prim_noinit.ram                 |blk_mem_gen_prim_wrapper__parameterized45  |     1|
|829   |          \ramloop[470].ram.r                |blk_mem_gen_prim_width__parameterized469   |     1|
|830   |            \prim_noinit.ram                 |blk_mem_gen_prim_wrapper__parameterized469 |     1|
|831   |          \ramloop[471].ram.r                |blk_mem_gen_prim_width__parameterized470   |     1|
|832   |            \prim_noinit.ram                 |blk_mem_gen_prim_wrapper__parameterized470 |     1|
|833   |          \ramloop[472].ram.r                |blk_mem_gen_prim_width__parameterized471   |     1|
|834   |            \prim_noinit.ram                 |blk_mem_gen_prim_wrapper__parameterized471 |     1|
|835   |          \ramloop[473].ram.r                |blk_mem_gen_prim_width__parameterized472   |     1|
|836   |            \prim_noinit.ram                 |blk_mem_gen_prim_wrapper__parameterized472 |     1|
|837   |          \ramloop[474].ram.r                |blk_mem_gen_prim_width__parameterized473   |     1|
|838   |            \prim_noinit.ram                 |blk_mem_gen_prim_wrapper__parameterized473 |     1|
|839   |          \ramloop[475].ram.r                |blk_mem_gen_prim_width__parameterized474   |     1|
|840   |            \prim_noinit.ram                 |blk_mem_gen_prim_wrapper__parameterized474 |     1|
|841   |          \ramloop[476].ram.r                |blk_mem_gen_prim_width__parameterized475   |     1|
|842   |            \prim_noinit.ram                 |blk_mem_gen_prim_wrapper__parameterized475 |     1|
|843   |          \ramloop[477].ram.r                |blk_mem_gen_prim_width__parameterized476   |     1|
|844   |            \prim_noinit.ram                 |blk_mem_gen_prim_wrapper__parameterized476 |     1|
|845   |          \ramloop[478].ram.r                |blk_mem_gen_prim_width__parameterized477   |     1|
|846   |            \prim_noinit.ram                 |blk_mem_gen_prim_wrapper__parameterized477 |     1|
|847   |          \ramloop[479].ram.r                |blk_mem_gen_prim_width__parameterized478   |     1|
|848   |            \prim_noinit.ram                 |blk_mem_gen_prim_wrapper__parameterized478 |     1|
|849   |          \ramloop[47].ram.r                 |blk_mem_gen_prim_width__parameterized46    |     1|
|850   |            \prim_noinit.ram                 |blk_mem_gen_prim_wrapper__parameterized46  |     1|
|851   |          \ramloop[480].ram.r                |blk_mem_gen_prim_width__parameterized479   |     1|
|852   |            \prim_noinit.ram                 |blk_mem_gen_prim_wrapper__parameterized479 |     1|
|853   |          \ramloop[481].ram.r                |blk_mem_gen_prim_width__parameterized480   |     1|
|854   |            \prim_noinit.ram                 |blk_mem_gen_prim_wrapper__parameterized480 |     1|
|855   |          \ramloop[482].ram.r                |blk_mem_gen_prim_width__parameterized481   |     1|
|856   |            \prim_noinit.ram                 |blk_mem_gen_prim_wrapper__parameterized481 |     1|
|857   |          \ramloop[483].ram.r                |blk_mem_gen_prim_width__parameterized482   |     1|
|858   |            \prim_noinit.ram                 |blk_mem_gen_prim_wrapper__parameterized482 |     1|
|859   |          \ramloop[484].ram.r                |blk_mem_gen_prim_width__parameterized483   |     1|
|860   |            \prim_noinit.ram                 |blk_mem_gen_prim_wrapper__parameterized483 |     1|
|861   |          \ramloop[485].ram.r                |blk_mem_gen_prim_width__parameterized484   |     1|
|862   |            \prim_noinit.ram                 |blk_mem_gen_prim_wrapper__parameterized484 |     1|
|863   |          \ramloop[486].ram.r                |blk_mem_gen_prim_width__parameterized485   |     1|
|864   |            \prim_noinit.ram                 |blk_mem_gen_prim_wrapper__parameterized485 |     1|
|865   |          \ramloop[487].ram.r                |blk_mem_gen_prim_width__parameterized486   |     1|
|866   |            \prim_noinit.ram                 |blk_mem_gen_prim_wrapper__parameterized486 |     1|
|867   |          \ramloop[488].ram.r                |blk_mem_gen_prim_width__parameterized487   |     1|
|868   |            \prim_noinit.ram                 |blk_mem_gen_prim_wrapper__parameterized487 |     1|
|869   |          \ramloop[489].ram.r                |blk_mem_gen_prim_width__parameterized488   |     1|
|870   |            \prim_noinit.ram                 |blk_mem_gen_prim_wrapper__parameterized488 |     1|
|871   |          \ramloop[48].ram.r                 |blk_mem_gen_prim_width__parameterized47    |     1|
|872   |            \prim_noinit.ram                 |blk_mem_gen_prim_wrapper__parameterized47  |     1|
|873   |          \ramloop[490].ram.r                |blk_mem_gen_prim_width__parameterized489   |     1|
|874   |            \prim_noinit.ram                 |blk_mem_gen_prim_wrapper__parameterized489 |     1|
|875   |          \ramloop[491].ram.r                |blk_mem_gen_prim_width__parameterized490   |     1|
|876   |            \prim_noinit.ram                 |blk_mem_gen_prim_wrapper__parameterized490 |     1|
|877   |          \ramloop[492].ram.r                |blk_mem_gen_prim_width__parameterized491   |     1|
|878   |            \prim_noinit.ram                 |blk_mem_gen_prim_wrapper__parameterized491 |     1|
|879   |          \ramloop[493].ram.r                |blk_mem_gen_prim_width__parameterized492   |     1|
|880   |            \prim_noinit.ram                 |blk_mem_gen_prim_wrapper__parameterized492 |     1|
|881   |          \ramloop[494].ram.r                |blk_mem_gen_prim_width__parameterized493   |     1|
|882   |            \prim_noinit.ram                 |blk_mem_gen_prim_wrapper__parameterized493 |     1|
|883   |          \ramloop[495].ram.r                |blk_mem_gen_prim_width__parameterized494   |     1|
|884   |            \prim_noinit.ram                 |blk_mem_gen_prim_wrapper__parameterized494 |     1|
|885   |          \ramloop[496].ram.r                |blk_mem_gen_prim_width__parameterized495   |     1|
|886   |            \prim_noinit.ram                 |blk_mem_gen_prim_wrapper__parameterized495 |     1|
|887   |          \ramloop[497].ram.r                |blk_mem_gen_prim_width__parameterized496   |     1|
|888   |            \prim_noinit.ram                 |blk_mem_gen_prim_wrapper__parameterized496 |     1|
|889   |          \ramloop[498].ram.r                |blk_mem_gen_prim_width__parameterized497   |     1|
|890   |            \prim_noinit.ram                 |blk_mem_gen_prim_wrapper__parameterized497 |     1|
|891   |          \ramloop[499].ram.r                |blk_mem_gen_prim_width__parameterized498   |     1|
|892   |            \prim_noinit.ram                 |blk_mem_gen_prim_wrapper__parameterized498 |     1|
|893   |          \ramloop[49].ram.r                 |blk_mem_gen_prim_width__parameterized48    |     1|
|894   |            \prim_noinit.ram                 |blk_mem_gen_prim_wrapper__parameterized48  |     1|
|895   |          \ramloop[4].ram.r                  |blk_mem_gen_prim_width__parameterized3     |     1|
|896   |            \prim_noinit.ram                 |blk_mem_gen_prim_wrapper__parameterized3   |     1|
|897   |          \ramloop[500].ram.r                |blk_mem_gen_prim_width__parameterized499   |     1|
|898   |            \prim_noinit.ram                 |blk_mem_gen_prim_wrapper__parameterized499 |     1|
|899   |          \ramloop[501].ram.r                |blk_mem_gen_prim_width__parameterized500   |     1|
|900   |            \prim_noinit.ram                 |blk_mem_gen_prim_wrapper__parameterized500 |     1|
|901   |          \ramloop[502].ram.r                |blk_mem_gen_prim_width__parameterized501   |     1|
|902   |            \prim_noinit.ram                 |blk_mem_gen_prim_wrapper__parameterized501 |     1|
|903   |          \ramloop[503].ram.r                |blk_mem_gen_prim_width__parameterized502   |     1|
|904   |            \prim_noinit.ram                 |blk_mem_gen_prim_wrapper__parameterized502 |     1|
|905   |          \ramloop[504].ram.r                |blk_mem_gen_prim_width__parameterized503   |     1|
|906   |            \prim_noinit.ram                 |blk_mem_gen_prim_wrapper__parameterized503 |     1|
|907   |          \ramloop[505].ram.r                |blk_mem_gen_prim_width__parameterized504   |     1|
|908   |            \prim_noinit.ram                 |blk_mem_gen_prim_wrapper__parameterized504 |     1|
|909   |          \ramloop[506].ram.r                |blk_mem_gen_prim_width__parameterized505   |     1|
|910   |            \prim_noinit.ram                 |blk_mem_gen_prim_wrapper__parameterized505 |     1|
|911   |          \ramloop[507].ram.r                |blk_mem_gen_prim_width__parameterized506   |     1|
|912   |            \prim_noinit.ram                 |blk_mem_gen_prim_wrapper__parameterized506 |     1|
|913   |          \ramloop[508].ram.r                |blk_mem_gen_prim_width__parameterized507   |     1|
|914   |            \prim_noinit.ram                 |blk_mem_gen_prim_wrapper__parameterized507 |     1|
|915   |          \ramloop[509].ram.r                |blk_mem_gen_prim_width__parameterized508   |     1|
|916   |            \prim_noinit.ram                 |blk_mem_gen_prim_wrapper__parameterized508 |     1|
|917   |          \ramloop[50].ram.r                 |blk_mem_gen_prim_width__parameterized49    |     1|
|918   |            \prim_noinit.ram                 |blk_mem_gen_prim_wrapper__parameterized49  |     1|
|919   |          \ramloop[510].ram.r                |blk_mem_gen_prim_width__parameterized509   |     1|
|920   |            \prim_noinit.ram                 |blk_mem_gen_prim_wrapper__parameterized509 |     1|
|921   |          \ramloop[511].ram.r                |blk_mem_gen_prim_width__parameterized510   |     1|
|922   |            \prim_noinit.ram                 |blk_mem_gen_prim_wrapper__parameterized510 |     1|
|923   |          \ramloop[512].ram.r                |blk_mem_gen_prim_width__parameterized511   |     2|
|924   |            \prim_noinit.ram                 |blk_mem_gen_prim_wrapper__parameterized511 |     2|
|925   |          \ramloop[513].ram.r                |blk_mem_gen_prim_width__parameterized512   |     2|
|926   |            \prim_noinit.ram                 |blk_mem_gen_prim_wrapper__parameterized512 |     2|
|927   |          \ramloop[514].ram.r                |blk_mem_gen_prim_width__parameterized513   |     2|
|928   |            \prim_noinit.ram                 |blk_mem_gen_prim_wrapper__parameterized513 |     2|
|929   |          \ramloop[515].ram.r                |blk_mem_gen_prim_width__parameterized514   |     2|
|930   |            \prim_noinit.ram                 |blk_mem_gen_prim_wrapper__parameterized514 |     2|
|931   |          \ramloop[516].ram.r                |blk_mem_gen_prim_width__parameterized515   |     2|
|932   |            \prim_noinit.ram                 |blk_mem_gen_prim_wrapper__parameterized515 |     2|
|933   |          \ramloop[517].ram.r                |blk_mem_gen_prim_width__parameterized516   |     2|
|934   |            \prim_noinit.ram                 |blk_mem_gen_prim_wrapper__parameterized516 |     2|
|935   |          \ramloop[518].ram.r                |blk_mem_gen_prim_width__parameterized517   |     2|
|936   |            \prim_noinit.ram                 |blk_mem_gen_prim_wrapper__parameterized517 |     2|
|937   |          \ramloop[519].ram.r                |blk_mem_gen_prim_width__parameterized518   |     2|
|938   |            \prim_noinit.ram                 |blk_mem_gen_prim_wrapper__parameterized518 |     2|
|939   |          \ramloop[51].ram.r                 |blk_mem_gen_prim_width__parameterized50    |     1|
|940   |            \prim_noinit.ram                 |blk_mem_gen_prim_wrapper__parameterized50  |     1|
|941   |          \ramloop[520].ram.r                |blk_mem_gen_prim_width__parameterized519   |     2|
|942   |            \prim_noinit.ram                 |blk_mem_gen_prim_wrapper__parameterized519 |     2|
|943   |          \ramloop[521].ram.r                |blk_mem_gen_prim_width__parameterized520   |     2|
|944   |            \prim_noinit.ram                 |blk_mem_gen_prim_wrapper__parameterized520 |     2|
|945   |          \ramloop[522].ram.r                |blk_mem_gen_prim_width__parameterized521   |     2|
|946   |            \prim_noinit.ram                 |blk_mem_gen_prim_wrapper__parameterized521 |     2|
|947   |          \ramloop[523].ram.r                |blk_mem_gen_prim_width__parameterized522   |     2|
|948   |            \prim_noinit.ram                 |blk_mem_gen_prim_wrapper__parameterized522 |     2|
|949   |          \ramloop[524].ram.r                |blk_mem_gen_prim_width__parameterized523   |     2|
|950   |            \prim_noinit.ram                 |blk_mem_gen_prim_wrapper__parameterized523 |     2|
|951   |          \ramloop[525].ram.r                |blk_mem_gen_prim_width__parameterized524   |     2|
|952   |            \prim_noinit.ram                 |blk_mem_gen_prim_wrapper__parameterized524 |     2|
|953   |          \ramloop[526].ram.r                |blk_mem_gen_prim_width__parameterized525   |     2|
|954   |            \prim_noinit.ram                 |blk_mem_gen_prim_wrapper__parameterized525 |     2|
|955   |          \ramloop[527].ram.r                |blk_mem_gen_prim_width__parameterized526   |     2|
|956   |            \prim_noinit.ram                 |blk_mem_gen_prim_wrapper__parameterized526 |     2|
|957   |          \ramloop[528].ram.r                |blk_mem_gen_prim_width__parameterized527   |     2|
|958   |            \prim_noinit.ram                 |blk_mem_gen_prim_wrapper__parameterized527 |     2|
|959   |          \ramloop[529].ram.r                |blk_mem_gen_prim_width__parameterized528   |     2|
|960   |            \prim_noinit.ram                 |blk_mem_gen_prim_wrapper__parameterized528 |     2|
|961   |          \ramloop[52].ram.r                 |blk_mem_gen_prim_width__parameterized51    |     1|
|962   |            \prim_noinit.ram                 |blk_mem_gen_prim_wrapper__parameterized51  |     1|
|963   |          \ramloop[530].ram.r                |blk_mem_gen_prim_width__parameterized529   |     2|
|964   |            \prim_noinit.ram                 |blk_mem_gen_prim_wrapper__parameterized529 |     2|
|965   |          \ramloop[531].ram.r                |blk_mem_gen_prim_width__parameterized530   |     2|
|966   |            \prim_noinit.ram                 |blk_mem_gen_prim_wrapper__parameterized530 |     2|
|967   |          \ramloop[532].ram.r                |blk_mem_gen_prim_width__parameterized531   |     2|
|968   |            \prim_noinit.ram                 |blk_mem_gen_prim_wrapper__parameterized531 |     2|
|969   |          \ramloop[533].ram.r                |blk_mem_gen_prim_width__parameterized532   |     2|
|970   |            \prim_noinit.ram                 |blk_mem_gen_prim_wrapper__parameterized532 |     2|
|971   |          \ramloop[534].ram.r                |blk_mem_gen_prim_width__parameterized533   |     2|
|972   |            \prim_noinit.ram                 |blk_mem_gen_prim_wrapper__parameterized533 |     2|
|973   |          \ramloop[535].ram.r                |blk_mem_gen_prim_width__parameterized534   |     2|
|974   |            \prim_noinit.ram                 |blk_mem_gen_prim_wrapper__parameterized534 |     2|
|975   |          \ramloop[536].ram.r                |blk_mem_gen_prim_width__parameterized535   |     2|
|976   |            \prim_noinit.ram                 |blk_mem_gen_prim_wrapper__parameterized535 |     2|
|977   |          \ramloop[537].ram.r                |blk_mem_gen_prim_width__parameterized536   |     2|
|978   |            \prim_noinit.ram                 |blk_mem_gen_prim_wrapper__parameterized536 |     2|
|979   |          \ramloop[538].ram.r                |blk_mem_gen_prim_width__parameterized537   |     2|
|980   |            \prim_noinit.ram                 |blk_mem_gen_prim_wrapper__parameterized537 |     2|
|981   |          \ramloop[539].ram.r                |blk_mem_gen_prim_width__parameterized538   |     2|
|982   |            \prim_noinit.ram                 |blk_mem_gen_prim_wrapper__parameterized538 |     2|
|983   |          \ramloop[53].ram.r                 |blk_mem_gen_prim_width__parameterized52    |     1|
|984   |            \prim_noinit.ram                 |blk_mem_gen_prim_wrapper__parameterized52  |     1|
|985   |          \ramloop[540].ram.r                |blk_mem_gen_prim_width__parameterized539   |     2|
|986   |            \prim_noinit.ram                 |blk_mem_gen_prim_wrapper__parameterized539 |     2|
|987   |          \ramloop[541].ram.r                |blk_mem_gen_prim_width__parameterized540   |     2|
|988   |            \prim_noinit.ram                 |blk_mem_gen_prim_wrapper__parameterized540 |     2|
|989   |          \ramloop[542].ram.r                |blk_mem_gen_prim_width__parameterized541   |     2|
|990   |            \prim_noinit.ram                 |blk_mem_gen_prim_wrapper__parameterized541 |     2|
|991   |          \ramloop[543].ram.r                |blk_mem_gen_prim_width__parameterized542   |     2|
|992   |            \prim_noinit.ram                 |blk_mem_gen_prim_wrapper__parameterized542 |     2|
|993   |          \ramloop[544].ram.r                |blk_mem_gen_prim_width__parameterized543   |     2|
|994   |            \prim_noinit.ram                 |blk_mem_gen_prim_wrapper__parameterized543 |     2|
|995   |          \ramloop[545].ram.r                |blk_mem_gen_prim_width__parameterized544   |     2|
|996   |            \prim_noinit.ram                 |blk_mem_gen_prim_wrapper__parameterized544 |     2|
|997   |          \ramloop[546].ram.r                |blk_mem_gen_prim_width__parameterized545   |     2|
|998   |            \prim_noinit.ram                 |blk_mem_gen_prim_wrapper__parameterized545 |     2|
|999   |          \ramloop[547].ram.r                |blk_mem_gen_prim_width__parameterized546   |     2|
|1000  |            \prim_noinit.ram                 |blk_mem_gen_prim_wrapper__parameterized546 |     2|
|1001  |          \ramloop[548].ram.r                |blk_mem_gen_prim_width__parameterized547   |     2|
|1002  |            \prim_noinit.ram                 |blk_mem_gen_prim_wrapper__parameterized547 |     2|
|1003  |          \ramloop[549].ram.r                |blk_mem_gen_prim_width__parameterized548   |     2|
|1004  |            \prim_noinit.ram                 |blk_mem_gen_prim_wrapper__parameterized548 |     2|
|1005  |          \ramloop[54].ram.r                 |blk_mem_gen_prim_width__parameterized53    |     1|
|1006  |            \prim_noinit.ram                 |blk_mem_gen_prim_wrapper__parameterized53  |     1|
|1007  |          \ramloop[550].ram.r                |blk_mem_gen_prim_width__parameterized549   |     2|
|1008  |            \prim_noinit.ram                 |blk_mem_gen_prim_wrapper__parameterized549 |     2|
|1009  |          \ramloop[551].ram.r                |blk_mem_gen_prim_width__parameterized550   |     2|
|1010  |            \prim_noinit.ram                 |blk_mem_gen_prim_wrapper__parameterized550 |     2|
|1011  |          \ramloop[552].ram.r                |blk_mem_gen_prim_width__parameterized551   |     2|
|1012  |            \prim_noinit.ram                 |blk_mem_gen_prim_wrapper__parameterized551 |     2|
|1013  |          \ramloop[553].ram.r                |blk_mem_gen_prim_width__parameterized552   |     2|
|1014  |            \prim_noinit.ram                 |blk_mem_gen_prim_wrapper__parameterized552 |     2|
|1015  |          \ramloop[554].ram.r                |blk_mem_gen_prim_width__parameterized553   |     2|
|1016  |            \prim_noinit.ram                 |blk_mem_gen_prim_wrapper__parameterized553 |     2|
|1017  |          \ramloop[555].ram.r                |blk_mem_gen_prim_width__parameterized554   |     2|
|1018  |            \prim_noinit.ram                 |blk_mem_gen_prim_wrapper__parameterized554 |     2|
|1019  |          \ramloop[556].ram.r                |blk_mem_gen_prim_width__parameterized555   |     2|
|1020  |            \prim_noinit.ram                 |blk_mem_gen_prim_wrapper__parameterized555 |     2|
|1021  |          \ramloop[557].ram.r                |blk_mem_gen_prim_width__parameterized556   |     2|
|1022  |            \prim_noinit.ram                 |blk_mem_gen_prim_wrapper__parameterized556 |     2|
|1023  |          \ramloop[558].ram.r                |blk_mem_gen_prim_width__parameterized557   |     2|
|1024  |            \prim_noinit.ram                 |blk_mem_gen_prim_wrapper__parameterized557 |     2|
|1025  |          \ramloop[559].ram.r                |blk_mem_gen_prim_width__parameterized558   |     2|
|1026  |            \prim_noinit.ram                 |blk_mem_gen_prim_wrapper__parameterized558 |     2|
|1027  |          \ramloop[55].ram.r                 |blk_mem_gen_prim_width__parameterized54    |     1|
|1028  |            \prim_noinit.ram                 |blk_mem_gen_prim_wrapper__parameterized54  |     1|
|1029  |          \ramloop[560].ram.r                |blk_mem_gen_prim_width__parameterized559   |     2|
|1030  |            \prim_noinit.ram                 |blk_mem_gen_prim_wrapper__parameterized559 |     2|
|1031  |          \ramloop[561].ram.r                |blk_mem_gen_prim_width__parameterized560   |     2|
|1032  |            \prim_noinit.ram                 |blk_mem_gen_prim_wrapper__parameterized560 |     2|
|1033  |          \ramloop[562].ram.r                |blk_mem_gen_prim_width__parameterized561   |     2|
|1034  |            \prim_noinit.ram                 |blk_mem_gen_prim_wrapper__parameterized561 |     2|
|1035  |          \ramloop[563].ram.r                |blk_mem_gen_prim_width__parameterized562   |     2|
|1036  |            \prim_noinit.ram                 |blk_mem_gen_prim_wrapper__parameterized562 |     2|
|1037  |          \ramloop[564].ram.r                |blk_mem_gen_prim_width__parameterized563   |     2|
|1038  |            \prim_noinit.ram                 |blk_mem_gen_prim_wrapper__parameterized563 |     2|
|1039  |          \ramloop[565].ram.r                |blk_mem_gen_prim_width__parameterized564   |     2|
|1040  |            \prim_noinit.ram                 |blk_mem_gen_prim_wrapper__parameterized564 |     2|
|1041  |          \ramloop[566].ram.r                |blk_mem_gen_prim_width__parameterized565   |     2|
|1042  |            \prim_noinit.ram                 |blk_mem_gen_prim_wrapper__parameterized565 |     2|
|1043  |          \ramloop[567].ram.r                |blk_mem_gen_prim_width__parameterized566   |     2|
|1044  |            \prim_noinit.ram                 |blk_mem_gen_prim_wrapper__parameterized566 |     2|
|1045  |          \ramloop[568].ram.r                |blk_mem_gen_prim_width__parameterized567   |     2|
|1046  |            \prim_noinit.ram                 |blk_mem_gen_prim_wrapper__parameterized567 |     2|
|1047  |          \ramloop[569].ram.r                |blk_mem_gen_prim_width__parameterized568   |     2|
|1048  |            \prim_noinit.ram                 |blk_mem_gen_prim_wrapper__parameterized568 |     2|
|1049  |          \ramloop[56].ram.r                 |blk_mem_gen_prim_width__parameterized55    |     1|
|1050  |            \prim_noinit.ram                 |blk_mem_gen_prim_wrapper__parameterized55  |     1|
|1051  |          \ramloop[570].ram.r                |blk_mem_gen_prim_width__parameterized569   |     2|
|1052  |            \prim_noinit.ram                 |blk_mem_gen_prim_wrapper__parameterized569 |     2|
|1053  |          \ramloop[571].ram.r                |blk_mem_gen_prim_width__parameterized570   |     2|
|1054  |            \prim_noinit.ram                 |blk_mem_gen_prim_wrapper__parameterized570 |     2|
|1055  |          \ramloop[572].ram.r                |blk_mem_gen_prim_width__parameterized571   |     2|
|1056  |            \prim_noinit.ram                 |blk_mem_gen_prim_wrapper__parameterized571 |     2|
|1057  |          \ramloop[573].ram.r                |blk_mem_gen_prim_width__parameterized572   |     2|
|1058  |            \prim_noinit.ram                 |blk_mem_gen_prim_wrapper__parameterized572 |     2|
|1059  |          \ramloop[574].ram.r                |blk_mem_gen_prim_width__parameterized573   |     2|
|1060  |            \prim_noinit.ram                 |blk_mem_gen_prim_wrapper__parameterized573 |     2|
|1061  |          \ramloop[575].ram.r                |blk_mem_gen_prim_width__parameterized574   |     2|
|1062  |            \prim_noinit.ram                 |blk_mem_gen_prim_wrapper__parameterized574 |     2|
|1063  |          \ramloop[576].ram.r                |blk_mem_gen_prim_width__parameterized575   |     2|
|1064  |            \prim_noinit.ram                 |blk_mem_gen_prim_wrapper__parameterized575 |     2|
|1065  |          \ramloop[577].ram.r                |blk_mem_gen_prim_width__parameterized576   |     2|
|1066  |            \prim_noinit.ram                 |blk_mem_gen_prim_wrapper__parameterized576 |     2|
|1067  |          \ramloop[578].ram.r                |blk_mem_gen_prim_width__parameterized577   |     2|
|1068  |            \prim_noinit.ram                 |blk_mem_gen_prim_wrapper__parameterized577 |     2|
|1069  |          \ramloop[579].ram.r                |blk_mem_gen_prim_width__parameterized578   |     2|
|1070  |            \prim_noinit.ram                 |blk_mem_gen_prim_wrapper__parameterized578 |     2|
|1071  |          \ramloop[57].ram.r                 |blk_mem_gen_prim_width__parameterized56    |     1|
|1072  |            \prim_noinit.ram                 |blk_mem_gen_prim_wrapper__parameterized56  |     1|
|1073  |          \ramloop[580].ram.r                |blk_mem_gen_prim_width__parameterized579   |     2|
|1074  |            \prim_noinit.ram                 |blk_mem_gen_prim_wrapper__parameterized579 |     2|
|1075  |          \ramloop[581].ram.r                |blk_mem_gen_prim_width__parameterized580   |     2|
|1076  |            \prim_noinit.ram                 |blk_mem_gen_prim_wrapper__parameterized580 |     2|
|1077  |          \ramloop[582].ram.r                |blk_mem_gen_prim_width__parameterized581   |     2|
|1078  |            \prim_noinit.ram                 |blk_mem_gen_prim_wrapper__parameterized581 |     2|
|1079  |          \ramloop[583].ram.r                |blk_mem_gen_prim_width__parameterized582   |     2|
|1080  |            \prim_noinit.ram                 |blk_mem_gen_prim_wrapper__parameterized582 |     2|
|1081  |          \ramloop[584].ram.r                |blk_mem_gen_prim_width__parameterized583   |     2|
|1082  |            \prim_noinit.ram                 |blk_mem_gen_prim_wrapper__parameterized583 |     2|
|1083  |          \ramloop[585].ram.r                |blk_mem_gen_prim_width__parameterized584   |     2|
|1084  |            \prim_noinit.ram                 |blk_mem_gen_prim_wrapper__parameterized584 |     2|
|1085  |          \ramloop[586].ram.r                |blk_mem_gen_prim_width__parameterized585   |     2|
|1086  |            \prim_noinit.ram                 |blk_mem_gen_prim_wrapper__parameterized585 |     2|
|1087  |          \ramloop[587].ram.r                |blk_mem_gen_prim_width__parameterized586   |     2|
|1088  |            \prim_noinit.ram                 |blk_mem_gen_prim_wrapper__parameterized586 |     2|
|1089  |          \ramloop[588].ram.r                |blk_mem_gen_prim_width__parameterized587   |     2|
|1090  |            \prim_noinit.ram                 |blk_mem_gen_prim_wrapper__parameterized587 |     2|
|1091  |          \ramloop[589].ram.r                |blk_mem_gen_prim_width__parameterized588   |     2|
|1092  |            \prim_noinit.ram                 |blk_mem_gen_prim_wrapper__parameterized588 |     2|
|1093  |          \ramloop[58].ram.r                 |blk_mem_gen_prim_width__parameterized57    |     1|
|1094  |            \prim_noinit.ram                 |blk_mem_gen_prim_wrapper__parameterized57  |     1|
|1095  |          \ramloop[590].ram.r                |blk_mem_gen_prim_width__parameterized589   |     2|
|1096  |            \prim_noinit.ram                 |blk_mem_gen_prim_wrapper__parameterized589 |     2|
|1097  |          \ramloop[591].ram.r                |blk_mem_gen_prim_width__parameterized590   |     2|
|1098  |            \prim_noinit.ram                 |blk_mem_gen_prim_wrapper__parameterized590 |     2|
|1099  |          \ramloop[592].ram.r                |blk_mem_gen_prim_width__parameterized591   |     2|
|1100  |            \prim_noinit.ram                 |blk_mem_gen_prim_wrapper__parameterized591 |     2|
|1101  |          \ramloop[593].ram.r                |blk_mem_gen_prim_width__parameterized592   |     2|
|1102  |            \prim_noinit.ram                 |blk_mem_gen_prim_wrapper__parameterized592 |     2|
|1103  |          \ramloop[594].ram.r                |blk_mem_gen_prim_width__parameterized593   |     2|
|1104  |            \prim_noinit.ram                 |blk_mem_gen_prim_wrapper__parameterized593 |     2|
|1105  |          \ramloop[595].ram.r                |blk_mem_gen_prim_width__parameterized594   |     2|
|1106  |            \prim_noinit.ram                 |blk_mem_gen_prim_wrapper__parameterized594 |     2|
|1107  |          \ramloop[596].ram.r                |blk_mem_gen_prim_width__parameterized595   |     2|
|1108  |            \prim_noinit.ram                 |blk_mem_gen_prim_wrapper__parameterized595 |     2|
|1109  |          \ramloop[597].ram.r                |blk_mem_gen_prim_width__parameterized596   |     2|
|1110  |            \prim_noinit.ram                 |blk_mem_gen_prim_wrapper__parameterized596 |     2|
|1111  |          \ramloop[598].ram.r                |blk_mem_gen_prim_width__parameterized597   |     2|
|1112  |            \prim_noinit.ram                 |blk_mem_gen_prim_wrapper__parameterized597 |     2|
|1113  |          \ramloop[599].ram.r                |blk_mem_gen_prim_width__parameterized598   |     2|
|1114  |            \prim_noinit.ram                 |blk_mem_gen_prim_wrapper__parameterized598 |     2|
|1115  |          \ramloop[59].ram.r                 |blk_mem_gen_prim_width__parameterized58    |     1|
|1116  |            \prim_noinit.ram                 |blk_mem_gen_prim_wrapper__parameterized58  |     1|
|1117  |          \ramloop[5].ram.r                  |blk_mem_gen_prim_width__parameterized4     |     1|
|1118  |            \prim_noinit.ram                 |blk_mem_gen_prim_wrapper__parameterized4   |     1|
|1119  |          \ramloop[600].ram.r                |blk_mem_gen_prim_width__parameterized599   |     2|
|1120  |            \prim_noinit.ram                 |blk_mem_gen_prim_wrapper__parameterized599 |     2|
|1121  |          \ramloop[601].ram.r                |blk_mem_gen_prim_width__parameterized600   |     2|
|1122  |            \prim_noinit.ram                 |blk_mem_gen_prim_wrapper__parameterized600 |     2|
|1123  |          \ramloop[602].ram.r                |blk_mem_gen_prim_width__parameterized601   |     2|
|1124  |            \prim_noinit.ram                 |blk_mem_gen_prim_wrapper__parameterized601 |     2|
|1125  |          \ramloop[603].ram.r                |blk_mem_gen_prim_width__parameterized602   |     2|
|1126  |            \prim_noinit.ram                 |blk_mem_gen_prim_wrapper__parameterized602 |     2|
|1127  |          \ramloop[604].ram.r                |blk_mem_gen_prim_width__parameterized603   |     2|
|1128  |            \prim_noinit.ram                 |blk_mem_gen_prim_wrapper__parameterized603 |     2|
|1129  |          \ramloop[605].ram.r                |blk_mem_gen_prim_width__parameterized604   |     2|
|1130  |            \prim_noinit.ram                 |blk_mem_gen_prim_wrapper__parameterized604 |     2|
|1131  |          \ramloop[606].ram.r                |blk_mem_gen_prim_width__parameterized605   |     2|
|1132  |            \prim_noinit.ram                 |blk_mem_gen_prim_wrapper__parameterized605 |     2|
|1133  |          \ramloop[607].ram.r                |blk_mem_gen_prim_width__parameterized606   |     2|
|1134  |            \prim_noinit.ram                 |blk_mem_gen_prim_wrapper__parameterized606 |     2|
|1135  |          \ramloop[608].ram.r                |blk_mem_gen_prim_width__parameterized607   |     2|
|1136  |            \prim_noinit.ram                 |blk_mem_gen_prim_wrapper__parameterized607 |     2|
|1137  |          \ramloop[609].ram.r                |blk_mem_gen_prim_width__parameterized608   |     2|
|1138  |            \prim_noinit.ram                 |blk_mem_gen_prim_wrapper__parameterized608 |     2|
|1139  |          \ramloop[60].ram.r                 |blk_mem_gen_prim_width__parameterized59    |     1|
|1140  |            \prim_noinit.ram                 |blk_mem_gen_prim_wrapper__parameterized59  |     1|
|1141  |          \ramloop[610].ram.r                |blk_mem_gen_prim_width__parameterized609   |     2|
|1142  |            \prim_noinit.ram                 |blk_mem_gen_prim_wrapper__parameterized609 |     2|
|1143  |          \ramloop[611].ram.r                |blk_mem_gen_prim_width__parameterized610   |     2|
|1144  |            \prim_noinit.ram                 |blk_mem_gen_prim_wrapper__parameterized610 |     2|
|1145  |          \ramloop[612].ram.r                |blk_mem_gen_prim_width__parameterized611   |     2|
|1146  |            \prim_noinit.ram                 |blk_mem_gen_prim_wrapper__parameterized611 |     2|
|1147  |          \ramloop[613].ram.r                |blk_mem_gen_prim_width__parameterized612   |     2|
|1148  |            \prim_noinit.ram                 |blk_mem_gen_prim_wrapper__parameterized612 |     2|
|1149  |          \ramloop[614].ram.r                |blk_mem_gen_prim_width__parameterized613   |     2|
|1150  |            \prim_noinit.ram                 |blk_mem_gen_prim_wrapper__parameterized613 |     2|
|1151  |          \ramloop[615].ram.r                |blk_mem_gen_prim_width__parameterized614   |     2|
|1152  |            \prim_noinit.ram                 |blk_mem_gen_prim_wrapper__parameterized614 |     2|
|1153  |          \ramloop[616].ram.r                |blk_mem_gen_prim_width__parameterized615   |     2|
|1154  |            \prim_noinit.ram                 |blk_mem_gen_prim_wrapper__parameterized615 |     2|
|1155  |          \ramloop[617].ram.r                |blk_mem_gen_prim_width__parameterized616   |     2|
|1156  |            \prim_noinit.ram                 |blk_mem_gen_prim_wrapper__parameterized616 |     2|
|1157  |          \ramloop[618].ram.r                |blk_mem_gen_prim_width__parameterized617   |     2|
|1158  |            \prim_noinit.ram                 |blk_mem_gen_prim_wrapper__parameterized617 |     2|
|1159  |          \ramloop[619].ram.r                |blk_mem_gen_prim_width__parameterized618   |     2|
|1160  |            \prim_noinit.ram                 |blk_mem_gen_prim_wrapper__parameterized618 |     2|
|1161  |          \ramloop[61].ram.r                 |blk_mem_gen_prim_width__parameterized60    |     1|
|1162  |            \prim_noinit.ram                 |blk_mem_gen_prim_wrapper__parameterized60  |     1|
|1163  |          \ramloop[620].ram.r                |blk_mem_gen_prim_width__parameterized619   |     2|
|1164  |            \prim_noinit.ram                 |blk_mem_gen_prim_wrapper__parameterized619 |     2|
|1165  |          \ramloop[621].ram.r                |blk_mem_gen_prim_width__parameterized620   |     2|
|1166  |            \prim_noinit.ram                 |blk_mem_gen_prim_wrapper__parameterized620 |     2|
|1167  |          \ramloop[622].ram.r                |blk_mem_gen_prim_width__parameterized621   |     2|
|1168  |            \prim_noinit.ram                 |blk_mem_gen_prim_wrapper__parameterized621 |     2|
|1169  |          \ramloop[623].ram.r                |blk_mem_gen_prim_width__parameterized622   |     2|
|1170  |            \prim_noinit.ram                 |blk_mem_gen_prim_wrapper__parameterized622 |     2|
|1171  |          \ramloop[624].ram.r                |blk_mem_gen_prim_width__parameterized623   |     2|
|1172  |            \prim_noinit.ram                 |blk_mem_gen_prim_wrapper__parameterized623 |     2|
|1173  |          \ramloop[625].ram.r                |blk_mem_gen_prim_width__parameterized624   |     2|
|1174  |            \prim_noinit.ram                 |blk_mem_gen_prim_wrapper__parameterized624 |     2|
|1175  |          \ramloop[626].ram.r                |blk_mem_gen_prim_width__parameterized625   |     2|
|1176  |            \prim_noinit.ram                 |blk_mem_gen_prim_wrapper__parameterized625 |     2|
|1177  |          \ramloop[627].ram.r                |blk_mem_gen_prim_width__parameterized626   |     2|
|1178  |            \prim_noinit.ram                 |blk_mem_gen_prim_wrapper__parameterized626 |     2|
|1179  |          \ramloop[628].ram.r                |blk_mem_gen_prim_width__parameterized627   |     2|
|1180  |            \prim_noinit.ram                 |blk_mem_gen_prim_wrapper__parameterized627 |     2|
|1181  |          \ramloop[629].ram.r                |blk_mem_gen_prim_width__parameterized628   |     2|
|1182  |            \prim_noinit.ram                 |blk_mem_gen_prim_wrapper__parameterized628 |     2|
|1183  |          \ramloop[62].ram.r                 |blk_mem_gen_prim_width__parameterized61    |     1|
|1184  |            \prim_noinit.ram                 |blk_mem_gen_prim_wrapper__parameterized61  |     1|
|1185  |          \ramloop[630].ram.r                |blk_mem_gen_prim_width__parameterized629   |     2|
|1186  |            \prim_noinit.ram                 |blk_mem_gen_prim_wrapper__parameterized629 |     2|
|1187  |          \ramloop[631].ram.r                |blk_mem_gen_prim_width__parameterized630   |     2|
|1188  |            \prim_noinit.ram                 |blk_mem_gen_prim_wrapper__parameterized630 |     2|
|1189  |          \ramloop[632].ram.r                |blk_mem_gen_prim_width__parameterized631   |     2|
|1190  |            \prim_noinit.ram                 |blk_mem_gen_prim_wrapper__parameterized631 |     2|
|1191  |          \ramloop[633].ram.r                |blk_mem_gen_prim_width__parameterized632   |     2|
|1192  |            \prim_noinit.ram                 |blk_mem_gen_prim_wrapper__parameterized632 |     2|
|1193  |          \ramloop[634].ram.r                |blk_mem_gen_prim_width__parameterized633   |     2|
|1194  |            \prim_noinit.ram                 |blk_mem_gen_prim_wrapper__parameterized633 |     2|
|1195  |          \ramloop[635].ram.r                |blk_mem_gen_prim_width__parameterized634   |     2|
|1196  |            \prim_noinit.ram                 |blk_mem_gen_prim_wrapper__parameterized634 |     2|
|1197  |          \ramloop[636].ram.r                |blk_mem_gen_prim_width__parameterized635   |     2|
|1198  |            \prim_noinit.ram                 |blk_mem_gen_prim_wrapper__parameterized635 |     2|
|1199  |          \ramloop[637].ram.r                |blk_mem_gen_prim_width__parameterized636   |     2|
|1200  |            \prim_noinit.ram                 |blk_mem_gen_prim_wrapper__parameterized636 |     2|
|1201  |          \ramloop[638].ram.r                |blk_mem_gen_prim_width__parameterized637   |     2|
|1202  |            \prim_noinit.ram                 |blk_mem_gen_prim_wrapper__parameterized637 |     2|
|1203  |          \ramloop[639].ram.r                |blk_mem_gen_prim_width__parameterized638   |     2|
|1204  |            \prim_noinit.ram                 |blk_mem_gen_prim_wrapper__parameterized638 |     2|
|1205  |          \ramloop[63].ram.r                 |blk_mem_gen_prim_width__parameterized62    |     1|
|1206  |            \prim_noinit.ram                 |blk_mem_gen_prim_wrapper__parameterized62  |     1|
|1207  |          \ramloop[640].ram.r                |blk_mem_gen_prim_width__parameterized639   |     2|
|1208  |            \prim_noinit.ram                 |blk_mem_gen_prim_wrapper__parameterized639 |     2|
|1209  |          \ramloop[641].ram.r                |blk_mem_gen_prim_width__parameterized640   |     2|
|1210  |            \prim_noinit.ram                 |blk_mem_gen_prim_wrapper__parameterized640 |     2|
|1211  |          \ramloop[642].ram.r                |blk_mem_gen_prim_width__parameterized641   |     2|
|1212  |            \prim_noinit.ram                 |blk_mem_gen_prim_wrapper__parameterized641 |     2|
|1213  |          \ramloop[643].ram.r                |blk_mem_gen_prim_width__parameterized642   |     2|
|1214  |            \prim_noinit.ram                 |blk_mem_gen_prim_wrapper__parameterized642 |     2|
|1215  |          \ramloop[644].ram.r                |blk_mem_gen_prim_width__parameterized643   |     2|
|1216  |            \prim_noinit.ram                 |blk_mem_gen_prim_wrapper__parameterized643 |     2|
|1217  |          \ramloop[645].ram.r                |blk_mem_gen_prim_width__parameterized644   |     2|
|1218  |            \prim_noinit.ram                 |blk_mem_gen_prim_wrapper__parameterized644 |     2|
|1219  |          \ramloop[646].ram.r                |blk_mem_gen_prim_width__parameterized645   |     2|
|1220  |            \prim_noinit.ram                 |blk_mem_gen_prim_wrapper__parameterized645 |     2|
|1221  |          \ramloop[647].ram.r                |blk_mem_gen_prim_width__parameterized646   |     2|
|1222  |            \prim_noinit.ram                 |blk_mem_gen_prim_wrapper__parameterized646 |     2|
|1223  |          \ramloop[648].ram.r                |blk_mem_gen_prim_width__parameterized647   |     2|
|1224  |            \prim_noinit.ram                 |blk_mem_gen_prim_wrapper__parameterized647 |     2|
|1225  |          \ramloop[649].ram.r                |blk_mem_gen_prim_width__parameterized648   |     2|
|1226  |            \prim_noinit.ram                 |blk_mem_gen_prim_wrapper__parameterized648 |     2|
|1227  |          \ramloop[64].ram.r                 |blk_mem_gen_prim_width__parameterized63    |     1|
|1228  |            \prim_noinit.ram                 |blk_mem_gen_prim_wrapper__parameterized63  |     1|
|1229  |          \ramloop[650].ram.r                |blk_mem_gen_prim_width__parameterized649   |     2|
|1230  |            \prim_noinit.ram                 |blk_mem_gen_prim_wrapper__parameterized649 |     2|
|1231  |          \ramloop[651].ram.r                |blk_mem_gen_prim_width__parameterized650   |     2|
|1232  |            \prim_noinit.ram                 |blk_mem_gen_prim_wrapper__parameterized650 |     2|
|1233  |          \ramloop[652].ram.r                |blk_mem_gen_prim_width__parameterized651   |     2|
|1234  |            \prim_noinit.ram                 |blk_mem_gen_prim_wrapper__parameterized651 |     2|
|1235  |          \ramloop[653].ram.r                |blk_mem_gen_prim_width__parameterized652   |     2|
|1236  |            \prim_noinit.ram                 |blk_mem_gen_prim_wrapper__parameterized652 |     2|
|1237  |          \ramloop[654].ram.r                |blk_mem_gen_prim_width__parameterized653   |     2|
|1238  |            \prim_noinit.ram                 |blk_mem_gen_prim_wrapper__parameterized653 |     2|
|1239  |          \ramloop[655].ram.r                |blk_mem_gen_prim_width__parameterized654   |     2|
|1240  |            \prim_noinit.ram                 |blk_mem_gen_prim_wrapper__parameterized654 |     2|
|1241  |          \ramloop[656].ram.r                |blk_mem_gen_prim_width__parameterized655   |     2|
|1242  |            \prim_noinit.ram                 |blk_mem_gen_prim_wrapper__parameterized655 |     2|
|1243  |          \ramloop[657].ram.r                |blk_mem_gen_prim_width__parameterized656   |     2|
|1244  |            \prim_noinit.ram                 |blk_mem_gen_prim_wrapper__parameterized656 |     2|
|1245  |          \ramloop[658].ram.r                |blk_mem_gen_prim_width__parameterized657   |     2|
|1246  |            \prim_noinit.ram                 |blk_mem_gen_prim_wrapper__parameterized657 |     2|
|1247  |          \ramloop[659].ram.r                |blk_mem_gen_prim_width__parameterized658   |     2|
|1248  |            \prim_noinit.ram                 |blk_mem_gen_prim_wrapper__parameterized658 |     2|
|1249  |          \ramloop[65].ram.r                 |blk_mem_gen_prim_width__parameterized64    |     1|
|1250  |            \prim_noinit.ram                 |blk_mem_gen_prim_wrapper__parameterized64  |     1|
|1251  |          \ramloop[660].ram.r                |blk_mem_gen_prim_width__parameterized659   |     2|
|1252  |            \prim_noinit.ram                 |blk_mem_gen_prim_wrapper__parameterized659 |     2|
|1253  |          \ramloop[661].ram.r                |blk_mem_gen_prim_width__parameterized660   |     2|
|1254  |            \prim_noinit.ram                 |blk_mem_gen_prim_wrapper__parameterized660 |     2|
|1255  |          \ramloop[662].ram.r                |blk_mem_gen_prim_width__parameterized661   |     2|
|1256  |            \prim_noinit.ram                 |blk_mem_gen_prim_wrapper__parameterized661 |     2|
|1257  |          \ramloop[663].ram.r                |blk_mem_gen_prim_width__parameterized662   |     2|
|1258  |            \prim_noinit.ram                 |blk_mem_gen_prim_wrapper__parameterized662 |     2|
|1259  |          \ramloop[664].ram.r                |blk_mem_gen_prim_width__parameterized663   |     2|
|1260  |            \prim_noinit.ram                 |blk_mem_gen_prim_wrapper__parameterized663 |     2|
|1261  |          \ramloop[665].ram.r                |blk_mem_gen_prim_width__parameterized664   |     2|
|1262  |            \prim_noinit.ram                 |blk_mem_gen_prim_wrapper__parameterized664 |     2|
|1263  |          \ramloop[666].ram.r                |blk_mem_gen_prim_width__parameterized665   |     2|
|1264  |            \prim_noinit.ram                 |blk_mem_gen_prim_wrapper__parameterized665 |     2|
|1265  |          \ramloop[667].ram.r                |blk_mem_gen_prim_width__parameterized666   |     2|
|1266  |            \prim_noinit.ram                 |blk_mem_gen_prim_wrapper__parameterized666 |     2|
|1267  |          \ramloop[668].ram.r                |blk_mem_gen_prim_width__parameterized667   |     2|
|1268  |            \prim_noinit.ram                 |blk_mem_gen_prim_wrapper__parameterized667 |     2|
|1269  |          \ramloop[669].ram.r                |blk_mem_gen_prim_width__parameterized668   |     2|
|1270  |            \prim_noinit.ram                 |blk_mem_gen_prim_wrapper__parameterized668 |     2|
|1271  |          \ramloop[66].ram.r                 |blk_mem_gen_prim_width__parameterized65    |     1|
|1272  |            \prim_noinit.ram                 |blk_mem_gen_prim_wrapper__parameterized65  |     1|
|1273  |          \ramloop[670].ram.r                |blk_mem_gen_prim_width__parameterized669   |     2|
|1274  |            \prim_noinit.ram                 |blk_mem_gen_prim_wrapper__parameterized669 |     2|
|1275  |          \ramloop[671].ram.r                |blk_mem_gen_prim_width__parameterized670   |     2|
|1276  |            \prim_noinit.ram                 |blk_mem_gen_prim_wrapper__parameterized670 |     2|
|1277  |          \ramloop[672].ram.r                |blk_mem_gen_prim_width__parameterized671   |     2|
|1278  |            \prim_noinit.ram                 |blk_mem_gen_prim_wrapper__parameterized671 |     2|
|1279  |          \ramloop[673].ram.r                |blk_mem_gen_prim_width__parameterized672   |     2|
|1280  |            \prim_noinit.ram                 |blk_mem_gen_prim_wrapper__parameterized672 |     2|
|1281  |          \ramloop[674].ram.r                |blk_mem_gen_prim_width__parameterized673   |     2|
|1282  |            \prim_noinit.ram                 |blk_mem_gen_prim_wrapper__parameterized673 |     2|
|1283  |          \ramloop[675].ram.r                |blk_mem_gen_prim_width__parameterized674   |     2|
|1284  |            \prim_noinit.ram                 |blk_mem_gen_prim_wrapper__parameterized674 |     2|
|1285  |          \ramloop[676].ram.r                |blk_mem_gen_prim_width__parameterized675   |     2|
|1286  |            \prim_noinit.ram                 |blk_mem_gen_prim_wrapper__parameterized675 |     2|
|1287  |          \ramloop[677].ram.r                |blk_mem_gen_prim_width__parameterized676   |     2|
|1288  |            \prim_noinit.ram                 |blk_mem_gen_prim_wrapper__parameterized676 |     2|
|1289  |          \ramloop[678].ram.r                |blk_mem_gen_prim_width__parameterized677   |     2|
|1290  |            \prim_noinit.ram                 |blk_mem_gen_prim_wrapper__parameterized677 |     2|
|1291  |          \ramloop[679].ram.r                |blk_mem_gen_prim_width__parameterized678   |     2|
|1292  |            \prim_noinit.ram                 |blk_mem_gen_prim_wrapper__parameterized678 |     2|
|1293  |          \ramloop[67].ram.r                 |blk_mem_gen_prim_width__parameterized66    |     1|
|1294  |            \prim_noinit.ram                 |blk_mem_gen_prim_wrapper__parameterized66  |     1|
|1295  |          \ramloop[680].ram.r                |blk_mem_gen_prim_width__parameterized679   |     2|
|1296  |            \prim_noinit.ram                 |blk_mem_gen_prim_wrapper__parameterized679 |     2|
|1297  |          \ramloop[681].ram.r                |blk_mem_gen_prim_width__parameterized680   |     2|
|1298  |            \prim_noinit.ram                 |blk_mem_gen_prim_wrapper__parameterized680 |     2|
|1299  |          \ramloop[682].ram.r                |blk_mem_gen_prim_width__parameterized681   |     2|
|1300  |            \prim_noinit.ram                 |blk_mem_gen_prim_wrapper__parameterized681 |     2|
|1301  |          \ramloop[683].ram.r                |blk_mem_gen_prim_width__parameterized682   |     2|
|1302  |            \prim_noinit.ram                 |blk_mem_gen_prim_wrapper__parameterized682 |     2|
|1303  |          \ramloop[684].ram.r                |blk_mem_gen_prim_width__parameterized683   |     2|
|1304  |            \prim_noinit.ram                 |blk_mem_gen_prim_wrapper__parameterized683 |     2|
|1305  |          \ramloop[685].ram.r                |blk_mem_gen_prim_width__parameterized684   |     2|
|1306  |            \prim_noinit.ram                 |blk_mem_gen_prim_wrapper__parameterized684 |     2|
|1307  |          \ramloop[686].ram.r                |blk_mem_gen_prim_width__parameterized685   |     2|
|1308  |            \prim_noinit.ram                 |blk_mem_gen_prim_wrapper__parameterized685 |     2|
|1309  |          \ramloop[687].ram.r                |blk_mem_gen_prim_width__parameterized686   |     2|
|1310  |            \prim_noinit.ram                 |blk_mem_gen_prim_wrapper__parameterized686 |     2|
|1311  |          \ramloop[688].ram.r                |blk_mem_gen_prim_width__parameterized687   |     2|
|1312  |            \prim_noinit.ram                 |blk_mem_gen_prim_wrapper__parameterized687 |     2|
|1313  |          \ramloop[689].ram.r                |blk_mem_gen_prim_width__parameterized688   |     2|
|1314  |            \prim_noinit.ram                 |blk_mem_gen_prim_wrapper__parameterized688 |     2|
|1315  |          \ramloop[68].ram.r                 |blk_mem_gen_prim_width__parameterized67    |     1|
|1316  |            \prim_noinit.ram                 |blk_mem_gen_prim_wrapper__parameterized67  |     1|
|1317  |          \ramloop[690].ram.r                |blk_mem_gen_prim_width__parameterized689   |     2|
|1318  |            \prim_noinit.ram                 |blk_mem_gen_prim_wrapper__parameterized689 |     2|
|1319  |          \ramloop[691].ram.r                |blk_mem_gen_prim_width__parameterized690   |     2|
|1320  |            \prim_noinit.ram                 |blk_mem_gen_prim_wrapper__parameterized690 |     2|
|1321  |          \ramloop[692].ram.r                |blk_mem_gen_prim_width__parameterized691   |     2|
|1322  |            \prim_noinit.ram                 |blk_mem_gen_prim_wrapper__parameterized691 |     2|
|1323  |          \ramloop[693].ram.r                |blk_mem_gen_prim_width__parameterized692   |     2|
|1324  |            \prim_noinit.ram                 |blk_mem_gen_prim_wrapper__parameterized692 |     2|
|1325  |          \ramloop[694].ram.r                |blk_mem_gen_prim_width__parameterized693   |     2|
|1326  |            \prim_noinit.ram                 |blk_mem_gen_prim_wrapper__parameterized693 |     2|
|1327  |          \ramloop[695].ram.r                |blk_mem_gen_prim_width__parameterized694   |     2|
|1328  |            \prim_noinit.ram                 |blk_mem_gen_prim_wrapper__parameterized694 |     2|
|1329  |          \ramloop[696].ram.r                |blk_mem_gen_prim_width__parameterized695   |     2|
|1330  |            \prim_noinit.ram                 |blk_mem_gen_prim_wrapper__parameterized695 |     2|
|1331  |          \ramloop[697].ram.r                |blk_mem_gen_prim_width__parameterized696   |     2|
|1332  |            \prim_noinit.ram                 |blk_mem_gen_prim_wrapper__parameterized696 |     2|
|1333  |          \ramloop[698].ram.r                |blk_mem_gen_prim_width__parameterized697   |     2|
|1334  |            \prim_noinit.ram                 |blk_mem_gen_prim_wrapper__parameterized697 |     2|
|1335  |          \ramloop[699].ram.r                |blk_mem_gen_prim_width__parameterized698   |     2|
|1336  |            \prim_noinit.ram                 |blk_mem_gen_prim_wrapper__parameterized698 |     2|
|1337  |          \ramloop[69].ram.r                 |blk_mem_gen_prim_width__parameterized68    |     1|
|1338  |            \prim_noinit.ram                 |blk_mem_gen_prim_wrapper__parameterized68  |     1|
|1339  |          \ramloop[6].ram.r                  |blk_mem_gen_prim_width__parameterized5     |     1|
|1340  |            \prim_noinit.ram                 |blk_mem_gen_prim_wrapper__parameterized5   |     1|
|1341  |          \ramloop[700].ram.r                |blk_mem_gen_prim_width__parameterized699   |     2|
|1342  |            \prim_noinit.ram                 |blk_mem_gen_prim_wrapper__parameterized699 |     2|
|1343  |          \ramloop[701].ram.r                |blk_mem_gen_prim_width__parameterized700   |     2|
|1344  |            \prim_noinit.ram                 |blk_mem_gen_prim_wrapper__parameterized700 |     2|
|1345  |          \ramloop[702].ram.r                |blk_mem_gen_prim_width__parameterized701   |     2|
|1346  |            \prim_noinit.ram                 |blk_mem_gen_prim_wrapper__parameterized701 |     2|
|1347  |          \ramloop[703].ram.r                |blk_mem_gen_prim_width__parameterized702   |     2|
|1348  |            \prim_noinit.ram                 |blk_mem_gen_prim_wrapper__parameterized702 |     2|
|1349  |          \ramloop[704].ram.r                |blk_mem_gen_prim_width__parameterized703   |     2|
|1350  |            \prim_noinit.ram                 |blk_mem_gen_prim_wrapper__parameterized703 |     2|
|1351  |          \ramloop[705].ram.r                |blk_mem_gen_prim_width__parameterized704   |     2|
|1352  |            \prim_noinit.ram                 |blk_mem_gen_prim_wrapper__parameterized704 |     2|
|1353  |          \ramloop[706].ram.r                |blk_mem_gen_prim_width__parameterized705   |     2|
|1354  |            \prim_noinit.ram                 |blk_mem_gen_prim_wrapper__parameterized705 |     2|
|1355  |          \ramloop[707].ram.r                |blk_mem_gen_prim_width__parameterized706   |     2|
|1356  |            \prim_noinit.ram                 |blk_mem_gen_prim_wrapper__parameterized706 |     2|
|1357  |          \ramloop[708].ram.r                |blk_mem_gen_prim_width__parameterized707   |     2|
|1358  |            \prim_noinit.ram                 |blk_mem_gen_prim_wrapper__parameterized707 |     2|
|1359  |          \ramloop[709].ram.r                |blk_mem_gen_prim_width__parameterized708   |     2|
|1360  |            \prim_noinit.ram                 |blk_mem_gen_prim_wrapper__parameterized708 |     2|
|1361  |          \ramloop[70].ram.r                 |blk_mem_gen_prim_width__parameterized69    |     1|
|1362  |            \prim_noinit.ram                 |blk_mem_gen_prim_wrapper__parameterized69  |     1|
|1363  |          \ramloop[710].ram.r                |blk_mem_gen_prim_width__parameterized709   |     2|
|1364  |            \prim_noinit.ram                 |blk_mem_gen_prim_wrapper__parameterized709 |     2|
|1365  |          \ramloop[711].ram.r                |blk_mem_gen_prim_width__parameterized710   |     2|
|1366  |            \prim_noinit.ram                 |blk_mem_gen_prim_wrapper__parameterized710 |     2|
|1367  |          \ramloop[712].ram.r                |blk_mem_gen_prim_width__parameterized711   |     2|
|1368  |            \prim_noinit.ram                 |blk_mem_gen_prim_wrapper__parameterized711 |     2|
|1369  |          \ramloop[713].ram.r                |blk_mem_gen_prim_width__parameterized712   |     2|
|1370  |            \prim_noinit.ram                 |blk_mem_gen_prim_wrapper__parameterized712 |     2|
|1371  |          \ramloop[714].ram.r                |blk_mem_gen_prim_width__parameterized713   |     2|
|1372  |            \prim_noinit.ram                 |blk_mem_gen_prim_wrapper__parameterized713 |     2|
|1373  |          \ramloop[715].ram.r                |blk_mem_gen_prim_width__parameterized714   |     2|
|1374  |            \prim_noinit.ram                 |blk_mem_gen_prim_wrapper__parameterized714 |     2|
|1375  |          \ramloop[716].ram.r                |blk_mem_gen_prim_width__parameterized715   |     2|
|1376  |            \prim_noinit.ram                 |blk_mem_gen_prim_wrapper__parameterized715 |     2|
|1377  |          \ramloop[717].ram.r                |blk_mem_gen_prim_width__parameterized716   |     2|
|1378  |            \prim_noinit.ram                 |blk_mem_gen_prim_wrapper__parameterized716 |     2|
|1379  |          \ramloop[718].ram.r                |blk_mem_gen_prim_width__parameterized717   |     2|
|1380  |            \prim_noinit.ram                 |blk_mem_gen_prim_wrapper__parameterized717 |     2|
|1381  |          \ramloop[719].ram.r                |blk_mem_gen_prim_width__parameterized718   |     2|
|1382  |            \prim_noinit.ram                 |blk_mem_gen_prim_wrapper__parameterized718 |     2|
|1383  |          \ramloop[71].ram.r                 |blk_mem_gen_prim_width__parameterized70    |     1|
|1384  |            \prim_noinit.ram                 |blk_mem_gen_prim_wrapper__parameterized70  |     1|
|1385  |          \ramloop[720].ram.r                |blk_mem_gen_prim_width__parameterized719   |     2|
|1386  |            \prim_noinit.ram                 |blk_mem_gen_prim_wrapper__parameterized719 |     2|
|1387  |          \ramloop[721].ram.r                |blk_mem_gen_prim_width__parameterized720   |     2|
|1388  |            \prim_noinit.ram                 |blk_mem_gen_prim_wrapper__parameterized720 |     2|
|1389  |          \ramloop[722].ram.r                |blk_mem_gen_prim_width__parameterized721   |     2|
|1390  |            \prim_noinit.ram                 |blk_mem_gen_prim_wrapper__parameterized721 |     2|
|1391  |          \ramloop[723].ram.r                |blk_mem_gen_prim_width__parameterized722   |     2|
|1392  |            \prim_noinit.ram                 |blk_mem_gen_prim_wrapper__parameterized722 |     2|
|1393  |          \ramloop[724].ram.r                |blk_mem_gen_prim_width__parameterized723   |     2|
|1394  |            \prim_noinit.ram                 |blk_mem_gen_prim_wrapper__parameterized723 |     2|
|1395  |          \ramloop[725].ram.r                |blk_mem_gen_prim_width__parameterized724   |     2|
|1396  |            \prim_noinit.ram                 |blk_mem_gen_prim_wrapper__parameterized724 |     2|
|1397  |          \ramloop[726].ram.r                |blk_mem_gen_prim_width__parameterized725   |     2|
|1398  |            \prim_noinit.ram                 |blk_mem_gen_prim_wrapper__parameterized725 |     2|
|1399  |          \ramloop[727].ram.r                |blk_mem_gen_prim_width__parameterized726   |     2|
|1400  |            \prim_noinit.ram                 |blk_mem_gen_prim_wrapper__parameterized726 |     2|
|1401  |          \ramloop[728].ram.r                |blk_mem_gen_prim_width__parameterized727   |     2|
|1402  |            \prim_noinit.ram                 |blk_mem_gen_prim_wrapper__parameterized727 |     2|
|1403  |          \ramloop[729].ram.r                |blk_mem_gen_prim_width__parameterized728   |     2|
|1404  |            \prim_noinit.ram                 |blk_mem_gen_prim_wrapper__parameterized728 |     2|
|1405  |          \ramloop[72].ram.r                 |blk_mem_gen_prim_width__parameterized71    |     1|
|1406  |            \prim_noinit.ram                 |blk_mem_gen_prim_wrapper__parameterized71  |     1|
|1407  |          \ramloop[730].ram.r                |blk_mem_gen_prim_width__parameterized729   |     2|
|1408  |            \prim_noinit.ram                 |blk_mem_gen_prim_wrapper__parameterized729 |     2|
|1409  |          \ramloop[731].ram.r                |blk_mem_gen_prim_width__parameterized730   |     2|
|1410  |            \prim_noinit.ram                 |blk_mem_gen_prim_wrapper__parameterized730 |     2|
|1411  |          \ramloop[732].ram.r                |blk_mem_gen_prim_width__parameterized731   |     2|
|1412  |            \prim_noinit.ram                 |blk_mem_gen_prim_wrapper__parameterized731 |     2|
|1413  |          \ramloop[733].ram.r                |blk_mem_gen_prim_width__parameterized732   |     2|
|1414  |            \prim_noinit.ram                 |blk_mem_gen_prim_wrapper__parameterized732 |     2|
|1415  |          \ramloop[734].ram.r                |blk_mem_gen_prim_width__parameterized733   |     2|
|1416  |            \prim_noinit.ram                 |blk_mem_gen_prim_wrapper__parameterized733 |     2|
|1417  |          \ramloop[735].ram.r                |blk_mem_gen_prim_width__parameterized734   |     2|
|1418  |            \prim_noinit.ram                 |blk_mem_gen_prim_wrapper__parameterized734 |     2|
|1419  |          \ramloop[736].ram.r                |blk_mem_gen_prim_width__parameterized735   |     2|
|1420  |            \prim_noinit.ram                 |blk_mem_gen_prim_wrapper__parameterized735 |     2|
|1421  |          \ramloop[737].ram.r                |blk_mem_gen_prim_width__parameterized736   |     2|
|1422  |            \prim_noinit.ram                 |blk_mem_gen_prim_wrapper__parameterized736 |     2|
|1423  |          \ramloop[738].ram.r                |blk_mem_gen_prim_width__parameterized737   |     2|
|1424  |            \prim_noinit.ram                 |blk_mem_gen_prim_wrapper__parameterized737 |     2|
|1425  |          \ramloop[739].ram.r                |blk_mem_gen_prim_width__parameterized738   |     2|
|1426  |            \prim_noinit.ram                 |blk_mem_gen_prim_wrapper__parameterized738 |     2|
|1427  |          \ramloop[73].ram.r                 |blk_mem_gen_prim_width__parameterized72    |     1|
|1428  |            \prim_noinit.ram                 |blk_mem_gen_prim_wrapper__parameterized72  |     1|
|1429  |          \ramloop[740].ram.r                |blk_mem_gen_prim_width__parameterized739   |     2|
|1430  |            \prim_noinit.ram                 |blk_mem_gen_prim_wrapper__parameterized739 |     2|
|1431  |          \ramloop[741].ram.r                |blk_mem_gen_prim_width__parameterized740   |     2|
|1432  |            \prim_noinit.ram                 |blk_mem_gen_prim_wrapper__parameterized740 |     2|
|1433  |          \ramloop[742].ram.r                |blk_mem_gen_prim_width__parameterized741   |     2|
|1434  |            \prim_noinit.ram                 |blk_mem_gen_prim_wrapper__parameterized741 |     2|
|1435  |          \ramloop[743].ram.r                |blk_mem_gen_prim_width__parameterized742   |     2|
|1436  |            \prim_noinit.ram                 |blk_mem_gen_prim_wrapper__parameterized742 |     2|
|1437  |          \ramloop[744].ram.r                |blk_mem_gen_prim_width__parameterized743   |     2|
|1438  |            \prim_noinit.ram                 |blk_mem_gen_prim_wrapper__parameterized743 |     2|
|1439  |          \ramloop[745].ram.r                |blk_mem_gen_prim_width__parameterized744   |     2|
|1440  |            \prim_noinit.ram                 |blk_mem_gen_prim_wrapper__parameterized744 |     2|
|1441  |          \ramloop[746].ram.r                |blk_mem_gen_prim_width__parameterized745   |     2|
|1442  |            \prim_noinit.ram                 |blk_mem_gen_prim_wrapper__parameterized745 |     2|
|1443  |          \ramloop[747].ram.r                |blk_mem_gen_prim_width__parameterized746   |     2|
|1444  |            \prim_noinit.ram                 |blk_mem_gen_prim_wrapper__parameterized746 |     2|
|1445  |          \ramloop[748].ram.r                |blk_mem_gen_prim_width__parameterized747   |     2|
|1446  |            \prim_noinit.ram                 |blk_mem_gen_prim_wrapper__parameterized747 |     2|
|1447  |          \ramloop[749].ram.r                |blk_mem_gen_prim_width__parameterized748   |     2|
|1448  |            \prim_noinit.ram                 |blk_mem_gen_prim_wrapper__parameterized748 |     2|
|1449  |          \ramloop[74].ram.r                 |blk_mem_gen_prim_width__parameterized73    |     1|
|1450  |            \prim_noinit.ram                 |blk_mem_gen_prim_wrapper__parameterized73  |     1|
|1451  |          \ramloop[750].ram.r                |blk_mem_gen_prim_width__parameterized749   |     2|
|1452  |            \prim_noinit.ram                 |blk_mem_gen_prim_wrapper__parameterized749 |     2|
|1453  |          \ramloop[751].ram.r                |blk_mem_gen_prim_width__parameterized750   |     2|
|1454  |            \prim_noinit.ram                 |blk_mem_gen_prim_wrapper__parameterized750 |     2|
|1455  |          \ramloop[752].ram.r                |blk_mem_gen_prim_width__parameterized751   |     2|
|1456  |            \prim_noinit.ram                 |blk_mem_gen_prim_wrapper__parameterized751 |     2|
|1457  |          \ramloop[753].ram.r                |blk_mem_gen_prim_width__parameterized752   |     2|
|1458  |            \prim_noinit.ram                 |blk_mem_gen_prim_wrapper__parameterized752 |     2|
|1459  |          \ramloop[754].ram.r                |blk_mem_gen_prim_width__parameterized753   |     2|
|1460  |            \prim_noinit.ram                 |blk_mem_gen_prim_wrapper__parameterized753 |     2|
|1461  |          \ramloop[755].ram.r                |blk_mem_gen_prim_width__parameterized754   |     2|
|1462  |            \prim_noinit.ram                 |blk_mem_gen_prim_wrapper__parameterized754 |     2|
|1463  |          \ramloop[756].ram.r                |blk_mem_gen_prim_width__parameterized755   |     2|
|1464  |            \prim_noinit.ram                 |blk_mem_gen_prim_wrapper__parameterized755 |     2|
|1465  |          \ramloop[757].ram.r                |blk_mem_gen_prim_width__parameterized756   |     2|
|1466  |            \prim_noinit.ram                 |blk_mem_gen_prim_wrapper__parameterized756 |     2|
|1467  |          \ramloop[758].ram.r                |blk_mem_gen_prim_width__parameterized757   |     2|
|1468  |            \prim_noinit.ram                 |blk_mem_gen_prim_wrapper__parameterized757 |     2|
|1469  |          \ramloop[759].ram.r                |blk_mem_gen_prim_width__parameterized758   |     2|
|1470  |            \prim_noinit.ram                 |blk_mem_gen_prim_wrapper__parameterized758 |     2|
|1471  |          \ramloop[75].ram.r                 |blk_mem_gen_prim_width__parameterized74    |     1|
|1472  |            \prim_noinit.ram                 |blk_mem_gen_prim_wrapper__parameterized74  |     1|
|1473  |          \ramloop[760].ram.r                |blk_mem_gen_prim_width__parameterized759   |     2|
|1474  |            \prim_noinit.ram                 |blk_mem_gen_prim_wrapper__parameterized759 |     2|
|1475  |          \ramloop[761].ram.r                |blk_mem_gen_prim_width__parameterized760   |     2|
|1476  |            \prim_noinit.ram                 |blk_mem_gen_prim_wrapper__parameterized760 |     2|
|1477  |          \ramloop[762].ram.r                |blk_mem_gen_prim_width__parameterized761   |     2|
|1478  |            \prim_noinit.ram                 |blk_mem_gen_prim_wrapper__parameterized761 |     2|
|1479  |          \ramloop[763].ram.r                |blk_mem_gen_prim_width__parameterized762   |     2|
|1480  |            \prim_noinit.ram                 |blk_mem_gen_prim_wrapper__parameterized762 |     2|
|1481  |          \ramloop[764].ram.r                |blk_mem_gen_prim_width__parameterized763   |     2|
|1482  |            \prim_noinit.ram                 |blk_mem_gen_prim_wrapper__parameterized763 |     2|
|1483  |          \ramloop[765].ram.r                |blk_mem_gen_prim_width__parameterized764   |     2|
|1484  |            \prim_noinit.ram                 |blk_mem_gen_prim_wrapper__parameterized764 |     2|
|1485  |          \ramloop[766].ram.r                |blk_mem_gen_prim_width__parameterized765   |     2|
|1486  |            \prim_noinit.ram                 |blk_mem_gen_prim_wrapper__parameterized765 |     2|
|1487  |          \ramloop[767].ram.r                |blk_mem_gen_prim_width__parameterized766   |     2|
|1488  |            \prim_noinit.ram                 |blk_mem_gen_prim_wrapper__parameterized766 |     2|
|1489  |          \ramloop[768].ram.r                |blk_mem_gen_prim_width__parameterized767   |     2|
|1490  |            \prim_noinit.ram                 |blk_mem_gen_prim_wrapper__parameterized767 |     2|
|1491  |          \ramloop[769].ram.r                |blk_mem_gen_prim_width__parameterized768   |     2|
|1492  |            \prim_noinit.ram                 |blk_mem_gen_prim_wrapper__parameterized768 |     2|
|1493  |          \ramloop[76].ram.r                 |blk_mem_gen_prim_width__parameterized75    |     1|
|1494  |            \prim_noinit.ram                 |blk_mem_gen_prim_wrapper__parameterized75  |     1|
|1495  |          \ramloop[770].ram.r                |blk_mem_gen_prim_width__parameterized769   |     2|
|1496  |            \prim_noinit.ram                 |blk_mem_gen_prim_wrapper__parameterized769 |     2|
|1497  |          \ramloop[771].ram.r                |blk_mem_gen_prim_width__parameterized770   |     2|
|1498  |            \prim_noinit.ram                 |blk_mem_gen_prim_wrapper__parameterized770 |     2|
|1499  |          \ramloop[772].ram.r                |blk_mem_gen_prim_width__parameterized771   |     2|
|1500  |            \prim_noinit.ram                 |blk_mem_gen_prim_wrapper__parameterized771 |     2|
|1501  |          \ramloop[773].ram.r                |blk_mem_gen_prim_width__parameterized772   |     2|
|1502  |            \prim_noinit.ram                 |blk_mem_gen_prim_wrapper__parameterized772 |     2|
|1503  |          \ramloop[774].ram.r                |blk_mem_gen_prim_width__parameterized773   |     2|
|1504  |            \prim_noinit.ram                 |blk_mem_gen_prim_wrapper__parameterized773 |     2|
|1505  |          \ramloop[775].ram.r                |blk_mem_gen_prim_width__parameterized774   |     2|
|1506  |            \prim_noinit.ram                 |blk_mem_gen_prim_wrapper__parameterized774 |     2|
|1507  |          \ramloop[776].ram.r                |blk_mem_gen_prim_width__parameterized775   |     2|
|1508  |            \prim_noinit.ram                 |blk_mem_gen_prim_wrapper__parameterized775 |     2|
|1509  |          \ramloop[777].ram.r                |blk_mem_gen_prim_width__parameterized776   |     2|
|1510  |            \prim_noinit.ram                 |blk_mem_gen_prim_wrapper__parameterized776 |     2|
|1511  |          \ramloop[778].ram.r                |blk_mem_gen_prim_width__parameterized777   |     2|
|1512  |            \prim_noinit.ram                 |blk_mem_gen_prim_wrapper__parameterized777 |     2|
|1513  |          \ramloop[779].ram.r                |blk_mem_gen_prim_width__parameterized778   |     2|
|1514  |            \prim_noinit.ram                 |blk_mem_gen_prim_wrapper__parameterized778 |     2|
|1515  |          \ramloop[77].ram.r                 |blk_mem_gen_prim_width__parameterized76    |     1|
|1516  |            \prim_noinit.ram                 |blk_mem_gen_prim_wrapper__parameterized76  |     1|
|1517  |          \ramloop[780].ram.r                |blk_mem_gen_prim_width__parameterized779   |     2|
|1518  |            \prim_noinit.ram                 |blk_mem_gen_prim_wrapper__parameterized779 |     2|
|1519  |          \ramloop[781].ram.r                |blk_mem_gen_prim_width__parameterized780   |     2|
|1520  |            \prim_noinit.ram                 |blk_mem_gen_prim_wrapper__parameterized780 |     2|
|1521  |          \ramloop[782].ram.r                |blk_mem_gen_prim_width__parameterized781   |     2|
|1522  |            \prim_noinit.ram                 |blk_mem_gen_prim_wrapper__parameterized781 |     2|
|1523  |          \ramloop[783].ram.r                |blk_mem_gen_prim_width__parameterized782   |     2|
|1524  |            \prim_noinit.ram                 |blk_mem_gen_prim_wrapper__parameterized782 |     2|
|1525  |          \ramloop[784].ram.r                |blk_mem_gen_prim_width__parameterized783   |     2|
|1526  |            \prim_noinit.ram                 |blk_mem_gen_prim_wrapper__parameterized783 |     2|
|1527  |          \ramloop[785].ram.r                |blk_mem_gen_prim_width__parameterized784   |     2|
|1528  |            \prim_noinit.ram                 |blk_mem_gen_prim_wrapper__parameterized784 |     2|
|1529  |          \ramloop[786].ram.r                |blk_mem_gen_prim_width__parameterized785   |     2|
|1530  |            \prim_noinit.ram                 |blk_mem_gen_prim_wrapper__parameterized785 |     2|
|1531  |          \ramloop[787].ram.r                |blk_mem_gen_prim_width__parameterized786   |     2|
|1532  |            \prim_noinit.ram                 |blk_mem_gen_prim_wrapper__parameterized786 |     2|
|1533  |          \ramloop[788].ram.r                |blk_mem_gen_prim_width__parameterized787   |     2|
|1534  |            \prim_noinit.ram                 |blk_mem_gen_prim_wrapper__parameterized787 |     2|
|1535  |          \ramloop[789].ram.r                |blk_mem_gen_prim_width__parameterized788   |     2|
|1536  |            \prim_noinit.ram                 |blk_mem_gen_prim_wrapper__parameterized788 |     2|
|1537  |          \ramloop[78].ram.r                 |blk_mem_gen_prim_width__parameterized77    |     1|
|1538  |            \prim_noinit.ram                 |blk_mem_gen_prim_wrapper__parameterized77  |     1|
|1539  |          \ramloop[790].ram.r                |blk_mem_gen_prim_width__parameterized789   |     2|
|1540  |            \prim_noinit.ram                 |blk_mem_gen_prim_wrapper__parameterized789 |     2|
|1541  |          \ramloop[791].ram.r                |blk_mem_gen_prim_width__parameterized790   |     2|
|1542  |            \prim_noinit.ram                 |blk_mem_gen_prim_wrapper__parameterized790 |     2|
|1543  |          \ramloop[792].ram.r                |blk_mem_gen_prim_width__parameterized791   |     2|
|1544  |            \prim_noinit.ram                 |blk_mem_gen_prim_wrapper__parameterized791 |     2|
|1545  |          \ramloop[793].ram.r                |blk_mem_gen_prim_width__parameterized792   |     2|
|1546  |            \prim_noinit.ram                 |blk_mem_gen_prim_wrapper__parameterized792 |     2|
|1547  |          \ramloop[794].ram.r                |blk_mem_gen_prim_width__parameterized793   |     2|
|1548  |            \prim_noinit.ram                 |blk_mem_gen_prim_wrapper__parameterized793 |     2|
|1549  |          \ramloop[795].ram.r                |blk_mem_gen_prim_width__parameterized794   |     2|
|1550  |            \prim_noinit.ram                 |blk_mem_gen_prim_wrapper__parameterized794 |     2|
|1551  |          \ramloop[796].ram.r                |blk_mem_gen_prim_width__parameterized795   |     2|
|1552  |            \prim_noinit.ram                 |blk_mem_gen_prim_wrapper__parameterized795 |     2|
|1553  |          \ramloop[797].ram.r                |blk_mem_gen_prim_width__parameterized796   |     2|
|1554  |            \prim_noinit.ram                 |blk_mem_gen_prim_wrapper__parameterized796 |     2|
|1555  |          \ramloop[798].ram.r                |blk_mem_gen_prim_width__parameterized797   |     2|
|1556  |            \prim_noinit.ram                 |blk_mem_gen_prim_wrapper__parameterized797 |     2|
|1557  |          \ramloop[799].ram.r                |blk_mem_gen_prim_width__parameterized798   |     2|
|1558  |            \prim_noinit.ram                 |blk_mem_gen_prim_wrapper__parameterized798 |     2|
|1559  |          \ramloop[79].ram.r                 |blk_mem_gen_prim_width__parameterized78    |     1|
|1560  |            \prim_noinit.ram                 |blk_mem_gen_prim_wrapper__parameterized78  |     1|
|1561  |          \ramloop[7].ram.r                  |blk_mem_gen_prim_width__parameterized6     |     1|
|1562  |            \prim_noinit.ram                 |blk_mem_gen_prim_wrapper__parameterized6   |     1|
|1563  |          \ramloop[800].ram.r                |blk_mem_gen_prim_width__parameterized799   |     2|
|1564  |            \prim_noinit.ram                 |blk_mem_gen_prim_wrapper__parameterized799 |     2|
|1565  |          \ramloop[801].ram.r                |blk_mem_gen_prim_width__parameterized800   |     2|
|1566  |            \prim_noinit.ram                 |blk_mem_gen_prim_wrapper__parameterized800 |     2|
|1567  |          \ramloop[802].ram.r                |blk_mem_gen_prim_width__parameterized801   |     2|
|1568  |            \prim_noinit.ram                 |blk_mem_gen_prim_wrapper__parameterized801 |     2|
|1569  |          \ramloop[803].ram.r                |blk_mem_gen_prim_width__parameterized802   |     2|
|1570  |            \prim_noinit.ram                 |blk_mem_gen_prim_wrapper__parameterized802 |     2|
|1571  |          \ramloop[804].ram.r                |blk_mem_gen_prim_width__parameterized803   |     2|
|1572  |            \prim_noinit.ram                 |blk_mem_gen_prim_wrapper__parameterized803 |     2|
|1573  |          \ramloop[805].ram.r                |blk_mem_gen_prim_width__parameterized804   |     2|
|1574  |            \prim_noinit.ram                 |blk_mem_gen_prim_wrapper__parameterized804 |     2|
|1575  |          \ramloop[806].ram.r                |blk_mem_gen_prim_width__parameterized805   |     2|
|1576  |            \prim_noinit.ram                 |blk_mem_gen_prim_wrapper__parameterized805 |     2|
|1577  |          \ramloop[807].ram.r                |blk_mem_gen_prim_width__parameterized806   |     2|
|1578  |            \prim_noinit.ram                 |blk_mem_gen_prim_wrapper__parameterized806 |     2|
|1579  |          \ramloop[808].ram.r                |blk_mem_gen_prim_width__parameterized807   |     2|
|1580  |            \prim_noinit.ram                 |blk_mem_gen_prim_wrapper__parameterized807 |     2|
|1581  |          \ramloop[809].ram.r                |blk_mem_gen_prim_width__parameterized808   |     2|
|1582  |            \prim_noinit.ram                 |blk_mem_gen_prim_wrapper__parameterized808 |     2|
|1583  |          \ramloop[80].ram.r                 |blk_mem_gen_prim_width__parameterized79    |     1|
|1584  |            \prim_noinit.ram                 |blk_mem_gen_prim_wrapper__parameterized79  |     1|
|1585  |          \ramloop[810].ram.r                |blk_mem_gen_prim_width__parameterized809   |     2|
|1586  |            \prim_noinit.ram                 |blk_mem_gen_prim_wrapper__parameterized809 |     2|
|1587  |          \ramloop[811].ram.r                |blk_mem_gen_prim_width__parameterized810   |     2|
|1588  |            \prim_noinit.ram                 |blk_mem_gen_prim_wrapper__parameterized810 |     2|
|1589  |          \ramloop[812].ram.r                |blk_mem_gen_prim_width__parameterized811   |     2|
|1590  |            \prim_noinit.ram                 |blk_mem_gen_prim_wrapper__parameterized811 |     2|
|1591  |          \ramloop[813].ram.r                |blk_mem_gen_prim_width__parameterized812   |     2|
|1592  |            \prim_noinit.ram                 |blk_mem_gen_prim_wrapper__parameterized812 |     2|
|1593  |          \ramloop[814].ram.r                |blk_mem_gen_prim_width__parameterized813   |     2|
|1594  |            \prim_noinit.ram                 |blk_mem_gen_prim_wrapper__parameterized813 |     2|
|1595  |          \ramloop[815].ram.r                |blk_mem_gen_prim_width__parameterized814   |     2|
|1596  |            \prim_noinit.ram                 |blk_mem_gen_prim_wrapper__parameterized814 |     2|
|1597  |          \ramloop[816].ram.r                |blk_mem_gen_prim_width__parameterized815   |     3|
|1598  |            \prim_noinit.ram                 |blk_mem_gen_prim_wrapper__parameterized815 |     3|
|1599  |          \ramloop[817].ram.r                |blk_mem_gen_prim_width__parameterized816   |     3|
|1600  |            \prim_noinit.ram                 |blk_mem_gen_prim_wrapper__parameterized816 |     3|
|1601  |          \ramloop[818].ram.r                |blk_mem_gen_prim_width__parameterized817   |     3|
|1602  |            \prim_noinit.ram                 |blk_mem_gen_prim_wrapper__parameterized817 |     3|
|1603  |          \ramloop[819].ram.r                |blk_mem_gen_prim_width__parameterized818   |     3|
|1604  |            \prim_noinit.ram                 |blk_mem_gen_prim_wrapper__parameterized818 |     3|
|1605  |          \ramloop[81].ram.r                 |blk_mem_gen_prim_width__parameterized80    |     1|
|1606  |            \prim_noinit.ram                 |blk_mem_gen_prim_wrapper__parameterized80  |     1|
|1607  |          \ramloop[820].ram.r                |blk_mem_gen_prim_width__parameterized819   |     3|
|1608  |            \prim_noinit.ram                 |blk_mem_gen_prim_wrapper__parameterized819 |     3|
|1609  |          \ramloop[821].ram.r                |blk_mem_gen_prim_width__parameterized820   |     3|
|1610  |            \prim_noinit.ram                 |blk_mem_gen_prim_wrapper__parameterized820 |     3|
|1611  |          \ramloop[822].ram.r                |blk_mem_gen_prim_width__parameterized821   |     3|
|1612  |            \prim_noinit.ram                 |blk_mem_gen_prim_wrapper__parameterized821 |     3|
|1613  |          \ramloop[823].ram.r                |blk_mem_gen_prim_width__parameterized822   |     3|
|1614  |            \prim_noinit.ram                 |blk_mem_gen_prim_wrapper__parameterized822 |     3|
|1615  |          \ramloop[824].ram.r                |blk_mem_gen_prim_width__parameterized823   |     3|
|1616  |            \prim_noinit.ram                 |blk_mem_gen_prim_wrapper__parameterized823 |     3|
|1617  |          \ramloop[825].ram.r                |blk_mem_gen_prim_width__parameterized824   |     3|
|1618  |            \prim_noinit.ram                 |blk_mem_gen_prim_wrapper__parameterized824 |     3|
|1619  |          \ramloop[826].ram.r                |blk_mem_gen_prim_width__parameterized825   |     3|
|1620  |            \prim_noinit.ram                 |blk_mem_gen_prim_wrapper__parameterized825 |     3|
|1621  |          \ramloop[827].ram.r                |blk_mem_gen_prim_width__parameterized826   |     3|
|1622  |            \prim_noinit.ram                 |blk_mem_gen_prim_wrapper__parameterized826 |     3|
|1623  |          \ramloop[828].ram.r                |blk_mem_gen_prim_width__parameterized827   |     3|
|1624  |            \prim_noinit.ram                 |blk_mem_gen_prim_wrapper__parameterized827 |     3|
|1625  |          \ramloop[829].ram.r                |blk_mem_gen_prim_width__parameterized828   |     3|
|1626  |            \prim_noinit.ram                 |blk_mem_gen_prim_wrapper__parameterized828 |     3|
|1627  |          \ramloop[82].ram.r                 |blk_mem_gen_prim_width__parameterized81    |     1|
|1628  |            \prim_noinit.ram                 |blk_mem_gen_prim_wrapper__parameterized81  |     1|
|1629  |          \ramloop[830].ram.r                |blk_mem_gen_prim_width__parameterized829   |     3|
|1630  |            \prim_noinit.ram                 |blk_mem_gen_prim_wrapper__parameterized829 |     3|
|1631  |          \ramloop[831].ram.r                |blk_mem_gen_prim_width__parameterized830   |     2|
|1632  |            \prim_noinit.ram                 |blk_mem_gen_prim_wrapper__parameterized830 |     2|
|1633  |          \ramloop[832].ram.r                |blk_mem_gen_prim_width__parameterized831   |     2|
|1634  |            \prim_noinit.ram                 |blk_mem_gen_prim_wrapper__parameterized831 |     2|
|1635  |          \ramloop[833].ram.r                |blk_mem_gen_prim_width__parameterized832   |     2|
|1636  |            \prim_noinit.ram                 |blk_mem_gen_prim_wrapper__parameterized832 |     2|
|1637  |          \ramloop[834].ram.r                |blk_mem_gen_prim_width__parameterized833   |     2|
|1638  |            \prim_noinit.ram                 |blk_mem_gen_prim_wrapper__parameterized833 |     2|
|1639  |          \ramloop[835].ram.r                |blk_mem_gen_prim_width__parameterized834   |     2|
|1640  |            \prim_noinit.ram                 |blk_mem_gen_prim_wrapper__parameterized834 |     2|
|1641  |          \ramloop[836].ram.r                |blk_mem_gen_prim_width__parameterized835   |     2|
|1642  |            \prim_noinit.ram                 |blk_mem_gen_prim_wrapper__parameterized835 |     2|
|1643  |          \ramloop[837].ram.r                |blk_mem_gen_prim_width__parameterized836   |     2|
|1644  |            \prim_noinit.ram                 |blk_mem_gen_prim_wrapper__parameterized836 |     2|
|1645  |          \ramloop[838].ram.r                |blk_mem_gen_prim_width__parameterized837   |     2|
|1646  |            \prim_noinit.ram                 |blk_mem_gen_prim_wrapper__parameterized837 |     2|
|1647  |          \ramloop[839].ram.r                |blk_mem_gen_prim_width__parameterized838   |     2|
|1648  |            \prim_noinit.ram                 |blk_mem_gen_prim_wrapper__parameterized838 |     2|
|1649  |          \ramloop[83].ram.r                 |blk_mem_gen_prim_width__parameterized82    |     1|
|1650  |            \prim_noinit.ram                 |blk_mem_gen_prim_wrapper__parameterized82  |     1|
|1651  |          \ramloop[840].ram.r                |blk_mem_gen_prim_width__parameterized839   |     2|
|1652  |            \prim_noinit.ram                 |blk_mem_gen_prim_wrapper__parameterized839 |     2|
|1653  |          \ramloop[841].ram.r                |blk_mem_gen_prim_width__parameterized840   |     2|
|1654  |            \prim_noinit.ram                 |blk_mem_gen_prim_wrapper__parameterized840 |     2|
|1655  |          \ramloop[842].ram.r                |blk_mem_gen_prim_width__parameterized841   |     2|
|1656  |            \prim_noinit.ram                 |blk_mem_gen_prim_wrapper__parameterized841 |     2|
|1657  |          \ramloop[843].ram.r                |blk_mem_gen_prim_width__parameterized842   |     2|
|1658  |            \prim_noinit.ram                 |blk_mem_gen_prim_wrapper__parameterized842 |     2|
|1659  |          \ramloop[844].ram.r                |blk_mem_gen_prim_width__parameterized843   |     2|
|1660  |            \prim_noinit.ram                 |blk_mem_gen_prim_wrapper__parameterized843 |     2|
|1661  |          \ramloop[845].ram.r                |blk_mem_gen_prim_width__parameterized844   |     2|
|1662  |            \prim_noinit.ram                 |blk_mem_gen_prim_wrapper__parameterized844 |     2|
|1663  |          \ramloop[846].ram.r                |blk_mem_gen_prim_width__parameterized845   |     2|
|1664  |            \prim_noinit.ram                 |blk_mem_gen_prim_wrapper__parameterized845 |     2|
|1665  |          \ramloop[847].ram.r                |blk_mem_gen_prim_width__parameterized846   |     3|
|1666  |            \prim_noinit.ram                 |blk_mem_gen_prim_wrapper__parameterized846 |     3|
|1667  |          \ramloop[84].ram.r                 |blk_mem_gen_prim_width__parameterized83    |     1|
|1668  |            \prim_noinit.ram                 |blk_mem_gen_prim_wrapper__parameterized83  |     1|
|1669  |          \ramloop[85].ram.r                 |blk_mem_gen_prim_width__parameterized84    |     1|
|1670  |            \prim_noinit.ram                 |blk_mem_gen_prim_wrapper__parameterized84  |     1|
|1671  |          \ramloop[86].ram.r                 |blk_mem_gen_prim_width__parameterized85    |     1|
|1672  |            \prim_noinit.ram                 |blk_mem_gen_prim_wrapper__parameterized85  |     1|
|1673  |          \ramloop[87].ram.r                 |blk_mem_gen_prim_width__parameterized86    |     1|
|1674  |            \prim_noinit.ram                 |blk_mem_gen_prim_wrapper__parameterized86  |     1|
|1675  |          \ramloop[88].ram.r                 |blk_mem_gen_prim_width__parameterized87    |     1|
|1676  |            \prim_noinit.ram                 |blk_mem_gen_prim_wrapper__parameterized87  |     1|
|1677  |          \ramloop[89].ram.r                 |blk_mem_gen_prim_width__parameterized88    |     1|
|1678  |            \prim_noinit.ram                 |blk_mem_gen_prim_wrapper__parameterized88  |     1|
|1679  |          \ramloop[8].ram.r                  |blk_mem_gen_prim_width__parameterized7     |     1|
|1680  |            \prim_noinit.ram                 |blk_mem_gen_prim_wrapper__parameterized7   |     1|
|1681  |          \ramloop[90].ram.r                 |blk_mem_gen_prim_width__parameterized89    |     1|
|1682  |            \prim_noinit.ram                 |blk_mem_gen_prim_wrapper__parameterized89  |     1|
|1683  |          \ramloop[91].ram.r                 |blk_mem_gen_prim_width__parameterized90    |     1|
|1684  |            \prim_noinit.ram                 |blk_mem_gen_prim_wrapper__parameterized90  |     1|
|1685  |          \ramloop[92].ram.r                 |blk_mem_gen_prim_width__parameterized91    |     1|
|1686  |            \prim_noinit.ram                 |blk_mem_gen_prim_wrapper__parameterized91  |     1|
|1687  |          \ramloop[93].ram.r                 |blk_mem_gen_prim_width__parameterized92    |     1|
|1688  |            \prim_noinit.ram                 |blk_mem_gen_prim_wrapper__parameterized92  |     1|
|1689  |          \ramloop[94].ram.r                 |blk_mem_gen_prim_width__parameterized93    |     1|
|1690  |            \prim_noinit.ram                 |blk_mem_gen_prim_wrapper__parameterized93  |     1|
|1691  |          \ramloop[95].ram.r                 |blk_mem_gen_prim_width__parameterized94    |     1|
|1692  |            \prim_noinit.ram                 |blk_mem_gen_prim_wrapper__parameterized94  |     1|
|1693  |          \ramloop[96].ram.r                 |blk_mem_gen_prim_width__parameterized95    |     1|
|1694  |            \prim_noinit.ram                 |blk_mem_gen_prim_wrapper__parameterized95  |     1|
|1695  |          \ramloop[97].ram.r                 |blk_mem_gen_prim_width__parameterized96    |     1|
|1696  |            \prim_noinit.ram                 |blk_mem_gen_prim_wrapper__parameterized96  |     1|
|1697  |          \ramloop[98].ram.r                 |blk_mem_gen_prim_width__parameterized97    |     1|
|1698  |            \prim_noinit.ram                 |blk_mem_gen_prim_wrapper__parameterized97  |     1|
|1699  |          \ramloop[99].ram.r                 |blk_mem_gen_prim_width__parameterized98    |     1|
|1700  |            \prim_noinit.ram                 |blk_mem_gen_prim_wrapper__parameterized98  |     1|
|1701  |          \ramloop[9].ram.r                  |blk_mem_gen_prim_width__parameterized8     |     1|
|1702  |            \prim_noinit.ram                 |blk_mem_gen_prim_wrapper__parameterized8   |     1|
+------+---------------------------------------------+-------------------------------------------+------+
---------------------------------------------------------------------------------
Finished Writing Synthesis Report : Time (s): cpu = 00:02:47 ; elapsed = 00:02:51 . Memory (MB): peak = 2552.957 ; gain = 1654.707
---------------------------------------------------------------------------------
Synthesis finished with 0 errors, 0 critical warnings and 33070 warnings.
Synthesis Optimization Runtime : Time (s): cpu = 00:00:44 ; elapsed = 00:02:36 . Memory (MB): peak = 2552.957 ; gain = 1548.199
Synthesis Optimization Complete : Time (s): cpu = 00:02:48 ; elapsed = 00:02:52 . Memory (MB): peak = 2552.957 ; gain = 1654.707
INFO: [Project 1-571] Translating synthesized netlist
Netlist sorting complete. Time (s): cpu = 00:00:01 ; elapsed = 00:00:00.323 . Memory (MB): peak = 2552.957 ; gain = 0.000
INFO: [Netlist 29-17] Analyzing 2320 Unisim elements for replacement
INFO: [Netlist 29-28] Unisim Transformation completed in 0 CPU seconds
INFO: [Project 1-570] Preparing netlist for logic optimization
INFO: [Opt 31-138] Pushed 0 inverter(s) to 0 load pin(s).
Netlist sorting complete. Time (s): cpu = 00:00:00 ; elapsed = 00:00:00.012 . Memory (MB): peak = 2552.957 ; gain = 0.000
INFO: [Project 1-111] Unisim Transformation Summary:
No Unisim elements were transformed.

INFO: [Common 17-83] Releasing license: Synthesis
17 Infos, 100 Warnings, 0 Critical Warnings and 0 Errors encountered.
synth_design completed successfully
synth_design: Time (s): cpu = 00:03:01 ; elapsed = 00:03:06 . Memory (MB): peak = 2552.957 ; gain = 2096.762
Netlist sorting complete. Time (s): cpu = 00:00:00 ; elapsed = 00:00:00.012 . Memory (MB): peak = 2552.957 ; gain = 0.000
WARNING: [Constraints 18-5210] No constraints selected for write.
Resolution: This message can indicate that there are no constraints for the design, or it can indicate that the used_in flags are set such that the constraints are ignored. This later case is used when running synth_design to not write synthesis constraints to the resulting checkpoint. Instead, project constraints are read when the synthesized design is opened.
INFO: [Common 17-1381] The checkpoint 'D:/work-CPU/CPU-PIP/CPU-PIP.runs/blk_mem_gen_1_synth_1/blk_mem_gen_1.dcp' has been generated.
WARNING: [Common 17-576] 'use_project_ipc' is deprecated. This option is deprecated and no longer used.
INFO: [Coretcl 2-1648] Added synthesis output to IP cache for IP blk_mem_gen_1, cache-ID = 6885d9c8c74b97a1
INFO: [Coretcl 2-1174] Renamed 1701 cell refs.
Netlist sorting complete. Time (s): cpu = 00:00:00 ; elapsed = 00:00:00.017 . Memory (MB): peak = 2552.957 ; gain = 0.000
WARNING: [Constraints 18-5210] No constraints selected for write.
Resolution: This message can indicate that there are no constraints for the design, or it can indicate that the used_in flags are set such that the constraints are ignored. This later case is used when running synth_design to not write synthesis constraints to the resulting checkpoint. Instead, project constraints are read when the synthesized design is opened.
INFO: [Common 17-1381] The checkpoint 'D:/work-CPU/CPU-PIP/CPU-PIP.runs/blk_mem_gen_1_synth_1/blk_mem_gen_1.dcp' has been generated.
INFO: [runtcl-4] Executing : report_utilization -file blk_mem_gen_1_utilization_synth.rpt -pb blk_mem_gen_1_utilization_synth.pb
INFO: [Common 17-206] Exiting Vivado at Mon May 22 17:06:19 2023...
